ID_kinopoisk;screens;budget;age_R;time;box_budget;rating;box;views;rezult;rezult4
70952;100;46096480;12;115;1,17;7,4;54000000;551000;0;1
77396;117;57620600;0;98;0,78;4,8;45000000;464000;0;0
79850;315;121003260;16;115;3,84;6,1;465000000;4400000;1;3
253754;47;46096480;12;101;0,16;6,4;7300000;61000;0;0
252013;188;57620600;6;90;0,33;6,7;19000000;295000;0;0
85104;93;86430900;0;80;0,11;4,7;9800000;142000;0;0
81201;35;57620600;16;100;0,07;6,4;4000000;34000;0;0
81202;300;201672100;12;105;0,62;5,9;126000000;1100000;0;0
81041;200;115241200;12;79;0,42;7,7;48000000;628000;0;0
208105;14;43215450;16;94;0,05;7,5;2100000;18000;0;0
104958;130;14144600;12;105;5,23;4,7;74000000;633000;1;3
85127;73;70723000;16;85;0,13;6,7;9100000;80000;0;0
254806;22;28289200;18;112;0,05;6,7;1300000;11000;0;0
40775;367;113156800;16;130;4,71;7,2;533000000;4900000;1;3
81485;320;99012200;16;132;2,25;6,5;223000000;2300000;1;2
95943;137;42433800;16;93;0,87;5,7;37000000;331000;0;0
81203;270;50920560;16;110;1,2;6,7;61000000;538000;0;1
94111;352;113156800;16;127;1,81;7,4;205000000;1700000;0;1
418372;30;70723000;18;80;0,03;5,2;1900000;16000;0;0
84830;222;56578400;16;111;2,12;7,2;120000000;915000;1;2
103737;60;56578400;18;90;0,51;6,8;29000000;266000;0;0
84464;172;42433800;16;105;0,54;5,9;23000000;197000;0;0
84225;114;56578400;16;90;0,23;5,7;13000000;121000;0;0
104143;187;70723000;16;111;0,35;6,4;25000000;229000;0;0
49345;208;282892000;16;110;0,16;2,3;44000000;418000;0;0
103339;201;90525440;16;117;2,11;3;191000000;1600000;1;2
84674;361;189537640;16;139;3,6;6,7;682000000;6100000;1;3
104895;106;42433800;16;103;0,24;6;10000000;82000;0;0
252117;67;48091640;12;95;0,04;6,4;2000000;17000;0;0
93006;200;96183280;16;97;0,53;5,8;51000000;420000;0;0
230629;25;70723000;16;100;0,02;5,3;1300000;9800;0;0
160898;122;84867600;16;90;0,25;7;21000000;170000;0;0
251966;79;565784000;18;96;0,02;5,7;11000000;87000;0;0
79925;518;118814640;12;132;7,73;6;919000000;7400000;1;3
103414;405;67946250;16;98;4,02;6,7;273000000;2300000;1;3
161139;96;40767750;16;97;0,18;6,8;7300000;67000;0;0
252012;56;12230325;12;94;0,44;6,4;5400000;43000;0;0
79850;121;114149700;16;115;0,03;6,1;3300000;29000;0;0
103370;292;135892500;12;78;1,13;7,2;153000000;1600000;0;1
252007;143;79817750;0;133;0,29;6,2;24000000;181000;0;0
79883;415;135892500;18;115;2,61;6;355000000;2800000;1;2
147818;279;40767750;0;68;2,48;7,5;101000000;1100000;1;2
404920;8;79817750;12;120;0,29;6,4;583000;7300;0;0
161182;100;95124750;12;90;0,09;3,8;8800000;23000;0;0
161140;229;81535500;18;110;0,69;5,4;56000000;461000;0;0
271793;46;67946250;12;108;0,08;5,8;5500000;40000;0;0
161141;387;95124750;16;125;1,8;6,6;171000000;1400000;0;1
252063;333;29896350;12;86;6,72;7,1;201000000;1700000;1;3
252118;144;79817750;16;84;0,29;6,6;15000000;124000;0;0
252100;50;40767750;16;86;0,14;6,8;5700000;38000;0;0
464890;5;79817750;12;95;0,29;6;202000;2500;0;0
255356;28;79817750;16;93;0,29;6,2;2000000;12000;0;0
208024;210;79817750;18;105;0,29;5,5;38000000;301000;0;0
252099;52;79817750;16;95;0,29;7,2;5100000;34000;0;0
178722;103;35332050;16;104;0,79;7,1;28000000;199000;0;0
252125;10;19024950;18;92;0,01;6,8;186000;1300;0;0
254977;70;79817750;16;80;0,29;6,4;7300000;56000;0;0
86203;134;86971200;16;140;0,09;6,6;7800000;57000;0;0
161100;207;29896350;18;95;1,47;3;44000000;375000;0;1
256502;70;29896350;18;88;0,21;3,5;6200000;42000;0;0
161085;151;79817750;16;92;0,29;6,2;38000000;311000;0;0
257769;60;79817750;0;110;0,29;5,3;6200000;62000;0;0
257380;315;46203450;16;90;0,78;4;36000000;313000;0;0
253753;9;27178500;16;104;0,01;5,8;173000;1300;0;0
47270;395;1087140000;16;112;0,06;5,9;67000000;546000;0;0
256503;300;43485600;18;98;1,98;7;86000000;657000;0;1
276108;15;79817750;16;77;0,29;5,3;758000;7600;0;0
103413;265;86971200;16;105;0,2;3,3;17000000;142000;0;0
256530;92;24460650;18;74;0,57;6,6;14000000;105000;0;0
161069;378;135892500;16;108;0,81;4,4;110000000;822000;0;0
260908;82;35332050;16;105;0,13;6;4500000;33000;0;0
252040;226;81535500;16;110;0,45;6;37000000;275000;0;0
259998;98;79817750;16;110;0,29;7,6;13000000;95000;0;0
271513;203;21742800;16;100;2,02;6,9;44000000;309000;1;2
266950;94;54357000;16;105;0,16;4,3;8700000;61000;0;0
257337;194;40767750;16;112;1,57;7,9;64000000;481000;0;1
208895;314;67946250;18;95;1,88;3,7;128000000;1100000;0;1
271973;20;79817750;12;85;0,29;5,2;800000;40000;0;0
252116;15;79817750;6;125;0,29;5,3;338000;2300;0;0
161128;35;326142000;16;137;0,01;6,4;2400000;17000;0;0
81371;601;271785000;16;136;1,94;4,3;528000000;4100000;0;1
271732;600;38049900;12;95;10,78;4,2;410000000;3000000;1;3
257773;294;76716300;18;112;0,72;3,7;55000000;404000;0;0
275099;80;127860500;16;87;0,06;6,1;7200000;54000;0;0
161083;263;33243730;18;123;1,11;3,7;37000000;307000;0;1
271974;143;28129310;18;91;0,57;5,6;16000000;110000;0;0
104984;506;255721000;16;88;0,51;4,7;130000000;1000000;0;0
160983;385;168775860;16;131;0,83;6,5;140000000;978000;0;0
254776;427;76716300;12;100;3,95;5,6;303000000;2200000;1;3
279043;240;38358150;12;98;1,02;5,9;39000000;281000;0;1
271975;28;30686520;16;89;0,03;5,4;768000;6000;0;0
276314;411;255721000;16;90;0,28;4,7;72000000;525000;0;0
271977;224;51144200;16;105;0,39;6,1;20000000;169000;0;0
275100;457;79817750;12;97;0,29;6,6;116000000;935000;0;0
271976;427;79817750;16;84;0,29;3,8;88000000;690000;0;0
81201;79;25572100;16;100;0,13;6,4;3200000;25000;0;0
279224;80;33243730;16;91;0,03;5,3;1100000;9100;0;0
260338;171;25572100;16;112;0,78;7,7;20000000;170000;0;0
251967;126;79817750;16;94;0,29;6,7;4700000;36000;0;0
261359;313;79817750;16;92;0,29;6;28000000;212000;0;0
278155;130;79817750;16;82;0,29;7;4900000;36000;0;0
277532;82;76716300;16;100;0,06;5,1;4700000;35000;0;0
280154;75;30686520;16;92;0,12;7;3600000;30000;0;0
279776;10;79817750;16;97;0,29;7,3;51000;388;0;0
280543;57;35800940;16;90;0,07;5,2;2600000;20000;0;0
259251;58;38358150;18;90;0,39;6,6;15000000;99000;0;0
294993;60;79817750;16;79;0,29;6,2;1900000;15000;0;0
274321;36;79817750;16;82;0,29;5,9;2300000;20000;0;0
280280;25;79817750;16;76;0,29;6,3;1200000;8700;0;0
279236;23;38358150;16;116;0,04;5,8;1400000;9800;0;0
252300;143;79817750;16;79;0,29;5,8;6200000;46000;0;0
356795;10;51144200;16;114;0,01;6,1;387000;5700;0;0
280546;17;38358150;16;96;0,02;7,9;877000;6400;0;0
309407;22;12786050;16;78;0,13;6,8;1600000;11000;0;0
271819;460;63930250;16;117;1,88;5,5;120000000;897000;0;1
373067;5;79817750;16;97;0,29;6,8;1200000;6000;0;0
281769;230;79817750;12;96;0,29;7,1;22000000;160000;0;0
271503;246;127860500;16;90;0,27;4;35000000;256000;0;0
281768;4;38358150;16;83;0;5,8;166000;1300;0;0
257768;119;76716300;16;80;0,17;3,7;13000000;91000;0;0
222809;357;63930250;16;153;2,67;7,6;171000000;1100000;1;2
84675;356;460297800;16;126;0,35;7;163000000;1200000;0;0
281294;20;38358150;16;124;0,05;6,5;1900000;13000;0;0
374713;5;79817750;16;94;0,29;6;103000;1000;0;0
257772;656;396367550;16;105;0,5;4,1;200000000;1500000;0;0
347293;208;43472570;18;89;0,58;5,3;25000000;167000;0;0
279040;18;153432600;12;130;0;6,1;744000;6300;0;0
105013;583;153432600;18;133;1,9;6,2;292000000;2500000;0;1
309408;500;76716300;16;125;2,01;7,8;154000000;972000;1;2
275098;165;102288400;0;85;0,15;5,9;15000000;208000;0;0
258128;389;79817750;16;87;0,29;6,8;80000000;585000;0;0
277327;503;306865200;16;140;0,47;5,8;143000000;1000000;0;0
279235;291;153432600;16;91;0,22;3,7;34000000;246000;0;0
281192;10;79817750;16;110;0,29;6,6;1200000;7600;0;0
395401;275;79817750;16;83;0,29;6,1;52000000;369000;0;0
271700;303;79817750;18;125;0,29;6,9;35000000;260000;0;0
318349;52;51144200;12;95;0,04;6,8;1800000;12000;0;0
278156;280;43472570;18;103;0,76;7,1;33000000;229000;0;0
373392;104;79817750;12;104;0,29;4,6;8000000;55000;0;0
271685;104;38358150;18;95;0,31;6,2;12000000;88000;0;0
259895;219;79817750;12;95;0,29;6,1;26000000;194000;0;0
393868;43;79817750;16;90;0,29;5,5;1800000;15000;0;0
395049;165;43472570;16;100;0,3;7,7;13000000;95000;0;0
276261;914;127860500;12;109;9,39;5,1;1200000000;8900000;1;3
395107;278;89502350;16;95;0,67;6,8;60000000;378000;0;0
252022;522;51144200;0;80;4,69;7,3;240000000;1900000;1;3
252331;50;79817750;0;91;0,29;5;3400000;26000;0;0
265731;219;141750450;12;78;0,18;5,8;25000000;236000;0;0
400108;82;49737000;16;95;0,2;5,6;10000000;59000;0;0
396483;132;49737000;16;85;0,12;2,3;6100000;43000;0;0
277385;702;111908250;18;106;6,01;3,1;673000000;4700000;1;3
280303;469;74605500;16;89;0,95;4,8;71000000;492000;0;0
397469;145;79817750;16;84;0,29;7,5;18000000;124000;0;0
395410;284;79817750;16;105;0,29;6,9;36000000;281000;0;0
260315;472;124342500;16;115;1,55;7,2;193000000;1300000;0;1
400107;141;29842200;6;70;0,57;5,4;17000000;239000;0;0
404918;21;79817750;16;76;0,29;8;3600000;20000;0;0
394045;368;62171250;16;110;2,85;3,2;177000000;1200000;1;2
259281;528;124342500;16;109;1,15;3,6;143000000;1000000;0;1
402979;407;99474000;16;98;1,36;7,6;135000000;788000;0;1
367686;362;62171250;16;90;1,75;4,5;109000000;760000;0;1
271697;400;49737000;18;95;0,72;1,5;36000000;276000;0;0
395682;356;74605500;16;100;0,46;5,8;34000000;180000;0;0
395684;408;198948000;16;110;0,33;5,1;65000000;586000;0;0
406153;98;37302750;16;90;0,24;6,3;9000000;54000;0;0
396472;253;79817750;16;84;0,29;6,8;33000000;224000;0;0
399553;55;79817750;16;90;0,29;6,3;3200000;20000;0;0
279229;10;44763300;16;100;0,03;6,9;1300000;9500;0;0
309394;91;49737000;18;93;0,09;6,7;4400000;30000;0;0
413476;40;124342500;18;108;0;5;441000;4000;0;0
398100;4;79817750;16;100;0,29;6,1;150000;585;0;0
409026;99;79817750;12;90;0,29;2,6;2000000;0;0;0
414915;80;21138225;18;95;0,16;7,2;3300000;22000;0;0
395697;227;8355816;16;96;2,75;7,1;23000000;137000;1;2
322039;353;79817750;16;100;0,29;5,1;22000000;159000;0;0
408403;376;298422000;18;120;0,15;7;45000000;287000;0;0
397246;201;37302750;16;110;0,46;4,7;17000000;115000;0;0
378245;436;124342500;16;85;0,21;3;26000000;188000;0;0
409027;100;79817750;16;80;0,29;6,3;3200000;21000;0;0
414927;160;79817750;6;70;0,29;4,2;12000000;166000;0;0
407329;14;57197550;18;120;0,01;6,9;451000;2200;0;0
396473;685;74605500;16;99;3,28;2,5;245000000;1600000;1;3
357085;230;62171250;16;94;0,31;5,4;19000000;117000;0;0
416115;10;79817750;18;112;0,29;6,8;481000;2800;0;0
281305;175;84552900;16;86;0,11;6,5;9400000;57000;0;0
280938;1107;497370000;16;124;1,76;7;876000000;5400000;0;1
419583;1;79817750;16;97;0,29;5,9;204000;988;0;0
409345;14;79817750;16;97;0,29;6,3;541000;2800;0;0
412248;47;37302750;18;80;0,05;5,7;1800000;9300;0;0
394065;459;79817750;16;93;0,29;3,2;104000000;773000;0;0
394412;501;149211000;16;111;0,28;6,6;42000000;307000;0;0
419514;7;79817750;16;85;0,29;5,4;473000;2300;0;0
416134;81;79817750;16;120;0,29;2,9;1200000;6700;0;0
422777;52;99474000;16;118;0,08;6,6;7600000;42000;0;0
395423;410;74605500;18;105;0,88;7,1;66000000;456000;0;0
422941;106;79817750;18;102;0,29;6,1;3400000;17000;0;0
395373;464;62171250;16;90;2,28;5,7;142000000;849000;1;2
404377;527;99474000;16;109;0,77;4,7;77000000;477000;0;0
348585;70;124342500;16;103;0,02;6,2;2700000;39000;0;0
398099;87;89526600;18;107;0,17;7,1;15000000;79000;0;0
395680;23;49737000;16;73;0,02;2,5;876000;5600;0;0
425976;8;24868500;18;80;0;6,4;80000;467;0;0
406141;501;79579200;18;83;1,31;7,1;104000000;693000;0;1
271699;50;124342500;16;98;0,01;4,4;727000;3300;0;0
416124;64;49737000;16;82;0,04;4,9;2000000;16000;0;0
429002;5;49737000;16;97;0;7,3;75000;500;0;0
397498;600;79817750;12;70;0,29;6,6;72000000;521000;0;0
395690;893;373027500;16;136;1,31;6,9;488000000;2900000;0;1
405610;931;74605500;12;100;6,94;5,3;518000000;3000000;1;3
257774;924;1157973450;16;115;0,56;4,3;644000000;3700000;0;0
422939;191;79817750;16;100;0,29;6,6;22000000;167000;0;0
416089;948;317253000;16;80;1,33;2,9;421000000;2700000;0;1
417841;18;79817750;16;120;0,29;6,8;763000;4300;0;0
309200;505;158626500;18;110;0,57;2,8;91000000;634000;0;0
416132;420;158626500;16;102;0,66;4,8;105000000;647000;0;0
400040;163;158626500;16;92;0,06;3;10000000;63000;0;0
430506;524;158626500;12;93;0,4;4,5;63000000;459000;0;0
430602;673;111038550;16;88;2,94;6,3;326000000;1900000;1;2
397544;273;317253000;16;120;0,13;4,2;42000000;270000;0;0
161104;648;498087210;16;131;1,15;6,5;575000000;3800000;0;1
432557;74;79817750;16;87;0,29;4,1;2700000;18000;0;0
450327;3;79817750;16;130;0,29;7,6;3000000;16000;0;0
447659;102;79817750;12;90;0,29;4,1;4000000;57000;0;0
374715;859;578986725;16;103;0,35;4,1;205000000;1200000;0;0
415097;338;126901200;16;107;0,17;5,9;22000000;241000;0;0
447666;25;79817750;16;94;0,29;6,1;1500000;1000;0;0
431376;339;380703600;16;107;0,06;4,2;24000000;147000;0;0
406628;108;79817750;16;106;0,29;5,9;5000000;33000;0;0
416088;188;95175900;16;102;0,12;5,4;11000000;72000;0;0
424962;50;95175900;12;73;0,05;6,7;5200000;32000;0;0
447092;50;79817750;16;86;0,29;6,3;1300000;9100;0;0
466440;11;63450600;16;97;0,01;6,1;691000;4400;0;0
460264;33;79817750;16;94;0,29;8,2;2300000;10000;0;0
453017;3;660000;16;60;0,27;2,9;175000;900;0;0
432394;531;47587950;16;85;2,77;2,5;132000000;858000;1;2
421056;174;79817750;16;75;0,29;5,9;7900000;49000;0;0
417840;1041;158626500;12;113;3,49;7,1;553000000;3500000;1;3
447688;52;79817750;16;83;0,29;6,6;3700000;21000;0;0
432679;80;47587950;16;103;0,03;5,3;1600000;9900;0;0
447689;150;31725300;16;88;0,2;1,7;6300000;45000;0;0
439770;2;79817750;12;96;0,29;5,9;8000;40;0;0
460540;12;31725300;18;76;0,02;5,7;620000;3600;0;0
421360;8;79817750;16;118;0,29;6,7;306000;1800;0;0
423006;588;47587950;18;100;2,69;4,6;128000000;792000;1;2
420162;71;79817750;18;107;0,29;6;1700000;10000;0;0
403478;57;31725300;16;89;0,05;6,3;1600000;9300;0;0
448584;3;79817750;16;113;0,29;4,2;14000;88;0;0
461862;51;79817750;18;86;0,29;7;1700000;11000;0;0
450184;493;142763850;16;115;0,34;6,5;49000000;304000;0;0
414662;300;47587950;16;85;0,61;4,9;29000000;198000;0;0
251991;458;222077100;16;90;0,25;2,8;56000000;358000;0;0
433763;225;47587950;16;85;0,4;5,4;19000000;205000;0;0
392521;128;79817750;16;70;0,29;5,8;8600000;60000;0;0
450220;37;126901200;18;80;0,01;6,5;1300000;7000;0;0
451300;86;79817750;16;105;0,29;6,4;7200000;38000;0;0
446079;73;63450600;18;91;0,08;6,8;5000000;33000;0;0
432579;27;12690120;16;104;0,05;6,6;651000;4200;0;0
425019;691;253802400;0;101;1,25;4,4;316000000;2200000;0;1
467492;411;79817750;16;90;0,29;3,9;62000000;373000;0;0
430474;29;60278070;18;86;0,01;5,9;384000;2100;0;0
480557;50;79817750;16;100;0,29;4,5;178000;1300;0;0
469203;43;79817750;16;98;0,29;5;1700000;11000;0;0
407285;485;475879500;18;119;0,32;6,9;153000000;805000;0;0
419573;100;222077100;16;95;0,02;6;5500000;34000;0;0
460572;15;79817750;18;110;0,29;6,2;1500000;8400;0;0
472263;30;79817750;12;80;0,29;6,4;769000;11000;0;0
466999;47;79817750;18;95;0,29;6,9;4400000;24000;0;0
487351;100;79817750;0;48;0,29;4,7;15000000;107000;0;0
421439;15;63450600;16;87;0;5,8;274000;2100;0;0
469214;46;79817750;18;73;0,29;6,7;1800000;12000;0;0
424516;607;111038550;18;97;0,96;6,1;107000000;699000;0;0
417714;50;269665050;12;117;0,01;6,8;1400000;9000;0;0
423989;99;31725300;16;110;1,04;7,1;33000000;168000;0;1
460405;402;63450600;16;77;1,04;5,9;66000000;416000;0;1
374714;523;79313250;16;91;0,68;5,7;54000000;308000;0;0
409113;9;63450600;16;105;0,01;6,6;451000;2100;0;0
470418;42;79817750;16;95;0,29;7,2;1300000;6600;0;0
259991;347;95175900;12;72;0,2;1,7;19000000;136000;0;0
414930;476;79817750;6;75;0,29;2,6;48000000;287000;0;0
439906;1082;253802400;0;100;2,34;5,3;595000000;3400000;1;2
464941;117;9110910;16;97;0,66;2,6;6000000;38000;0;0
416090;1053;60739400;16;86;10,88;4,1;661000000;3900000;1;3
321845;737;212587900;16;100;2,12;6,9;450000000;2700000;1;2
471721;18;60739400;16;96;0;5,4;199000;2300;0;0
427903;30;79817750;16;84;0,29;4,2;1100000;5900;0;0
447651;67;75600000;18;97;0,02;6,1;1500000;9200;0;0
468123;716;151848500;16;101;1,63;5,6;247000000;1400000;0;1
445611;6;101600000;16;99;0;6,6;477000;2200;0;0
451127;868;75924250;16;78;4,03;6,3;306000000;1700000;1;3
468102;564;59220915;16;93;6,06;7,8;359000000;1800000;1;3
494549;31;79817750;16;98;0,29;4,4;2200000;12000;0;0
457810;270;151848500;16;107;0,13;3,7;20000000;132000;0;0
395691;578;172000000;0;88;1,06;6;182000000;1100000;0;1
468194;517;60739400;16;82;1,98;5,2;120000000;696000;0;1
413490;218;45554550;16;78;0,37;3,7;17000000;111000;0;0
419453;105;75924250;18;124;0,24;6,9;18000000;91000;0;0
429077;122;79817750;16;83;0,29;3;3600000;25000;0;0
432385;40;45554550;16;85;0,03;6,5;1200000;9500;0;0
468287;82;79817750;6;105;0,29;1,9;4000000;57000;0;0
437448;70;79817750;16;80;0,29;6,2;2900000;15000;0;0
451258;321;106293950;16;86;0,63;5,8;67000000;405000;0;0
103299;1079;1214788000;16;181;0,18;3,8;217000000;1100000;0;0
474787;311;75924250;16;86;0,59;6,5;45000000;255000;0;0
395683;58;79817750;16;95;0,29;4,9;2000000;11000;0;0
491889;615;121478800;16;109;0,44;6,6;53000000;313000;0;0
419043;42;108000000;16;110;0;1,3;159000;1500;0;0
425373;174;121478800;16;94;0,17;6,2;21000000;118000;0;0
468244;150;79817750;16;86;0,29;6,1;13000000;75000;0;0
478887;37;79817750;16;100;0,29;5,3;817000;12000;0;0
455243;30;79817750;12;84;0,29;6,9;110000;645;0;0
468180;11;79817750;18;95;0,29;5,7;309000;1400;0;0
419552;221;79817750;18;109;0,29;4,5;36000000;170000;0;0
309406;212;151848500;16;81;0,07;5,1;11000000;71000;0;0
466574;82;60739400;16;107;0,05;5,8;3200000;16000;0;0
466397;250;79817750;16;89;0,29;6,6;25000000;160000;0;0
468282;120;45554550;12;75;0,09;6,2;3900000;28000;0;0
276129;475;151848500;16;90;0,38;1,4;57000000;343000;0;0
468291;73;79817750;16;87;0,29;5,8;4600000;25000;0;0
460432;769;334066700;16;110;0,48;6,4;159000000;871000;0;0
468184;317;60739400;16;106;0,64;6,2;39000000;206000;0;0
447653;892;91109100;16;101;2,72;4,3;248000000;1100000;1;2
500358;108;79817750;18;87;0,29;6,6;5500000;29000;0;0
481434;552;151848500;16;103;0,31;5,7;47000000;295000;0;0
425041;304;136663650;16;85;0,21;5,8;29000000;168000;0;0
400472;198;197403050;18;86;0,08;4,7;15000000;135000;0;0
521527;513;66813340;16;75;0,94;5,8;63000000;374000;0;0
528181;37;42517580;16;86;0,31;1,2;13000000;66000;0;0
436263;30;79817750;16;131;0,29;8;913000;13000;0;0
470315;60;79817750;16;82;0,29;4,3;1400000;6300;0;0
468179;542;253000000;12;92;0,54;5,5;136000000;758000;0;0
276379;22;79817750;16;113;0,29;7,4;413000;1600;0;0
474884;150;79817750;18;114;0,29;7;7900000;45000;0;0
481576;115;546654600;16;98;0,01;7;4100000;20000;0;0
532966;54;79817750;16;90;0,29;3;2700000;16000;0;0
521526;102;79817750;16;72;0,29;7,4;4800000;25000;0;0
432565;345;79817750;16;88;0,29;4,1;47000000;253000;0;0
493768;24;79817750;12;90;0,29;6,9;260000;1300;0;0
432650;975;170000000;12;75;4,48;6,9;762000000;4200000;1;3
542581;757;91109100;16;102;6,31;7,7;575000000;3300000;1;3
468189;6;79817750;18;105;0,29;3;113000;688;0;0
503145;74;2939250;16;80;6,46;4,2;19000000;95000;1;3
501867;168;11757000;16;89;1,28;6,8;15000000;78000;0;1
470841;899;191051250;12;97;1,54;6,9;294000000;1300000;0;1
468182;110;79817750;16;87;0,29;4,3;6400000;39000;0;0
468169;390;55845750;16;86;1,07;6,1;60000000;345000;0;1
326895;485;88177500;18;93;0,67;3,9;59000000;346000;0;0
408888;497;352710000;18;110;0,08;1,1;27000000;162000;0;0
471158;412;176355000;16;97;0,29;6,3;51000000;230000;0;0
566743;797;232200750;16;90;1,57;3,8;364000000;1900000;0;1
446099;480;58785000;0;94;1,29;4,4;76000000;501000;0;1
468193;1079;117570000;16;90;2,04;4,1;240000000;1300000;1;2
468295;903;146962500;16;71;2,31;1,3;340000000;1900000;1;2
453312;41;94056000;16;103;0,04;4,8;3900000;16000;0;0
532976;453;162500000;16;78;0,23;5;37000000;212000;0;0
497677;420;132266250;16;99;0,44;5,2;58000000;303000;0;0
464942;27;79817750;16;105;0,29;6,8;476000;2700;0;0
575955;289;64663500;16;113;0,51;6,2;33000000;167000;0;0
104893;542;205747500;18;120;0,61;6,6;125000000;568000;0;0
532967;585;66000000;16;90;1,09;5,9;72000000;399000;0;1
468217;9;79817750;18;97;0,29;4,1;657000;3800;0;0
481101;570;1322662500;16;157;0,03;3,5;42000000;206000;0;0
490291;54;79817750;16;97;0,29;4,6;1600000;8800;0;0
402980;209;79817750;16;82;0,29;2,9;11000000;63000;0;0
521637;518;88177500;16;93;1,92;5,1;169000000;849000;0;1
423337;4;35271000;18;100;0;6,5;126000;700;0;0
579847;28;79817750;18;158;0,29;5,8;2200000;9200;0;0
414916;111;75000000;16;91;0,04;3,3;3200000;17000;0;0
587840;4;79817750;16;99;0,29;6,6;166000;1500;0;0
580190;7;79817750;16;73;0,29;6,5;56000;1100;0;0
601111;9;79817750;16;113;0,29;6,4;94000;1300;0;0
468280;67;79817750;16;73;0,29;4,5;3800000;21000;0;0
494741;242;50000000;16;90;0,36;7,1;18000000;75000;0;0
571250;861;58785000;12;81;3,81;2,5;224000000;1200000;1;3
615446;42;40000000;12;84;0;6,5;130000;589;0;0
468252;25;79817750;16;108;0,29;5,4;630000;3700;0;0
468186;220;79817750;16;93;0,29;5,8;6700000;38000;0;0
501958;75;79817750;16;109;0,29;7,3;22000000;97000;0;0
494740;555;60000000;16;103;1,07;7,1;64000000;359000;0;1
573356;58;79817750;12;87;0,29;6,8;2200000;14000;0;0
573661;165;11757000;16;89;1,11;5,9;13000000;69000;0;1
542574;600;75000000;16;88;0,95;6,5;71000000;352000;0;0
601530;25;79817750;16;105;0,29;5,8;669000;5600;0;0
460255;156;79817750;18;156;0,29;5,9;15000000;77000;0;0
436352;56;132266250;16;112;0,04;6,7;4800000;21000;0;0
471573;384;146962500;12;102;0,35;5,2;52000000;305000;0;0
542484;180;123000000;16;127;0,04;7,6;4500000;22000;0;0
468153;2;79817750;16;93;0,29;6,1;310000;2600;0;0
573200;34;102873750;18;102;0,01;7,7;683000;5300;0;0
541055;1350;146962500;16;125;2,86;6,3;420000000;1900000;1;2
521647;90;79817750;16;93;0,29;7,2;4700000;22000;0;0
491668;22;79817750;12;100;0,29;4,3;553000;5700;0;0
522036;1400;352710000;16;128;2,46;7;868000000;4300000;1;2
573817;1467;170476500;12;96;4,89;7;833000000;4200000;1;3
570117;1079;338013750;0;86;0,8;6,1;271000000;1300000;0;0
1235963;1300;88177500;16;88;8,94;6,9;788000000;3800000;1;3
502733;950;88177500;16;95;6,41;6,8;565000000;2400000;1;3
579484;413;83937600;16;97;0,91;6,6;76000000;345000;0;0
564859;710;135000000;12;84;0,64;5,6;87000000;445000;0;0
573860;745;62176000;16;90;2,07;5,9;129000000;663000;1;2
417854;940;264248000;16;80;0,91;3;240000000;919000;0;0
468201;68;62176000;16;107;0,34;7,6;21000000;77000;0;0
439733;130;447667200;16;140;0,05;6,7;23000000;100000;0;0
569981;82;79817750;16;103;0,29;6,7;701000;3700;0;0
647291;697;84000000;16;87;1,85;4;155000000;778000;0;1
542494;56;174092800;16;93;0,01;5,8;1100000;7100;0;0
565158;1467;590672000;12;120;0,5;6,1;296000000;1500000;0;0
665093;37;40414400;12;85;0,02;2,8;960000;16000;0;0
584084;1045;62176000;12;103;3,68;7,1;229000000;1100000;1;3
574621;431;24870400;16;89;2,29;5,8;57000000;284000;1;2
615823;743;71502400;16;83;3,1;6,7;222000000;1000000;1;3
477351;14;79817750;16;90;0,29;6;611000;2200;0;0
592275;911;124352000;12;80;2,48;2,6;308000000;1700000;1;2
540773;75;46632000;16;91;0,03;5,4;1500000;10000;0;0
661124;115;79817750;16;86;0,29;6,7;11000000;46000;0;0
468275;1039;192000000;16;99;0,7;6;135000000;600000;0;0
652870;21;6217600;12;87;0,21;7,8;1300000;6000;0;0
586645;1;79817750;18;96;0,29;6,1;58000;166;0;0
666003;17;4000000;16;87;0,06;3,8;253000;2100;0;0
650824;105;79817750;12;94;0,29;4,7;609000;3500;0;0
565282;500;93264000;16;84;0,27;5,1;25000000;130000;0;0
607084;704;50000000;16;90;3,36;5;168000000;847000;1;3
592127;746;248704000;16;117;0,26;6,2;65000000;319000;0;0
573602;525;189636800;16;104;0,53;5,6;101000000;547000;0;0
478949;105;79817750;16;82;0,29;4,6;5400000;28000;0;0
447681;7;186000000;16;90;0;3,2;96000;531;0;0
543331;8;30000000;12;94;0,01;7,8;168000;503;0;0
617301;116;43523200;18;90;0,37;6,9;16000000;64000;0;0
424012;50;170984000;16;119;0;6,1;585000;6500;0;0
682997;45;79817750;0;60;0,29;8,2;1100000;4900;0;0
670146;390;62176000;16;80;0,32;1,4;20000000;101000;0;0
468174;620;108808000;6;83;0,58;3,3;63000000;330000;0;0
645910;28;79817750;16;119;0,29;7,4;3700000;17000;0;0
676392;176;53000000;16;90;0,11;4,6;5700000;31000;0;0
676870;912;46632000;12;102;2,7;2,6;126000000;616000;1;2
445129;259;108808000;0;92;0,07;1,4;7700000;53000;0;0
533055;539;373056000;16;129;0,23;6,1;86000000;402000;0;0
647937;911;62176000;16;81;2,16;5,4;134000000;659000;1;2
468192;35;79817750;12;88;0,29;6,2;888000;6800;0;0
395372;687;87046400;18;105;4,78;6,6;416000000;1900000;1;3
656894;50;93264000;16;90;0,01;5,8;1000000;8600;0;0
585359;100;3108800;18;63;2,22;5,8;6900000;30000;1;2
688654;15;79817750;12;110;0,29;7,7;612000;4000;0;0
615809;602;79817750;16;100;0,29;6,6;79000000;353000;0;0
408965;172;79817750;16;100;0,29;1,5;10000000;42000;0;0
508645;83;6217600;16;100;2,41;7,1;15000000;62000;1;2
653730;70;77720000;16;123;0,02;5,9;1200000;6300;0;0
642419;120;79817750;16;115;0,29;6,2;18000000;76000;0;0
644717;805;155440000;12;98;0,24;2,7;38000000;186000;0;0
617329;349;62176000;16;107;0,58;7;36000000;181000;0;0
656093;182;79817750;18;105;0,29;7,1;27000000;112000;0;0
694570;62;79817750;16;77;0,29;6,6;1100000;9100;0;0
468195;708;62176000;16;87;2,64;5,7;164000000;532000;1;2
652760;1386;139896000;6;80;2,65;5,3;371000000;1500000;1;2
678999;50;79817750;16;110;0,29;7,6;1100000;6800;0;0
612614;21;79817750;18;81;0,29;6,1;149000;955;0;0
408915;1022;202072000;16;102;1,21;2,6;245000000;1100000;0;1
652859;15;79817750;16;95;0,29;7,6;1300000;5300;0;0
659909;24;9326400;16;72;0,06;7,2;584000;3300;0;0
595928;83;79817750;16;93;0,29;6,8;1200000;5200;0;0
647949;109;79817750;16;98;0,29;6,8;2800000;14000;0;0
669275;128;79817750;18;89;0,29;6,5;6900000;30000;0;0
673653;50;18652800;16;77;0,05;5,6;950000;5300;0;0
608706;1400;155440000;6;96;1,94;3;302000000;1400000;0;1
592210;1600;108808000;0;65;8,73;5,7;950000000;4100000;1;3
674498;1044;62176000;0;90;5,84;6,3;363000000;1600000;1;3
573621;1300;222979400;0;76;1,04;6,1;233000000;1100000;0;1
679550;928;60000000;16;83;3,33;5,2;200000000;931000;1;3
592129;310;95562600;12;90;0,16;5,9;15000000;124000;0;0
669351;1139;127416800;16;86;1,6;4;204000000;958000;0;1
674188;44;3185420;18;80;0,19;3,7;600000;2600;0;0
521689;1302;286687800;16;132;1,27;7,2;365000000;1600000;0;1
669941;835;143343900;16;100;1,05;5,1;151000000;717000;0;1
715464;960;63708400;18;83;4,77;3,3;304000000;1400000;1;3
671705;700;79635500;12;85;1,42;2,8;113000000;532000;0;1
683783;50;41410460;0;80;0,05;6;2000000;29000;0;0
460286;70;95562600;18;79;0,01;4,4;1000000;5700;0;0
629839;43;41410460;16;77;0,03;6,2;1300000;5300;0;0
420070;750;140000000;6;100;0,18;6,1;25000000;116000;0;0
694525;114;79817750;16;80;0,29;5,6;1500000;7100;0;0
601564;1400;423261000;6;134;2,18;8;923000000;4200000;1;2
732770;340;47781300;0;76;0,09;2,9;4200000;25000;0;0
705688;501;159271000;6;82;0,12;2,4;19000000;99000;0;0
573596;835;191125200;12;110;0,23;2,8;44000000;225000;0;0
432695;8;59256540;16;111;0,01;6,1;333000;1700;0;0
468223;50;111489700;16;127;0,03;6,8;2900000;14000;0;0
676361;500;222979400;6;108;0,16;7;36000000;176000;0;0
578942;16;63489150;12;108;0,01;6,7;575000;3200;0;0
647668;287;71500000;12;110;0,04;6,1;3000000;15000;0;0
718562;525;47781300;18;95;0,67;6,9;32000000;143000;0;0
675498;175;63708400;18;99;0,06;7,5;4000000;18000;0;0
629901;116;35039620;12;90;0,1;5,1;3500000;17000;0;0
659213;330;79817750;18;95;0,29;1,5;25000000;90000;0;0
780170;156;79817750;18;90;0,29;5,2;476000;2100;0;0
725105;883;70079240;6;100;0,68;4,9;48000000;250000;0;0
776413;1;79817750;16;56;0,29;6,1;66000;438;0;0
705677;217;31854200;18;78;0,44;5,2;14000000;57000;0;0
714928;69;79817750;6;80;0,29;7,2;865000;6000;0;0
744255;505;47781300;16;94;0,23;6,9;11000000;68000;0;0
705162;900;76450080;16;100;1,26;6,6;96000000;455000;0;1
575315;60;382250400;18;121;0;6,5;325000;1600;0;0
710276;426;79817750;16;90;0,29;6,6;15000000;75000;0;0
630018;70;79817750;12;108;0,29;6,2;3200000;9900;0;0
675500;30;76186980;16;132;0,01;7,2;474000;2500;0;0
712705;874;95562600;12;99;0,97;3,8;93000000;435000;0;0
468196;1500;955626000;12;135;1,78;5,7;1700000000;6200000;0;1
468206;9;79817750;0;109;0,29;6,2;80000;362;0;0
786046;10;79817750;12;98;0,29;6;213000;1000;0;0
586269;700;111489700;0;80;0,6;5,2;67000000;426000;0;0
718558;1550;47781300;16;100;16,97;5,3;811000000;3700000;1;3
776453;18;79817750;16;72;0,29;6,7;436000;2000;0;0
653696;500;127416800;16;125;1,12;7,4;143000000;600000;0;1
733372;350;191125200;12;97;0,29;4,7;55000000;249000;0;0
713355;977;382250400;12;112;0,1;4,1;40000000;174000;0;0
710852;5;79817750;12;85;0,29;3,9;111000;484;0;0
694526;250;2327936;18;70;1,33;3,6;3100000;15000;0;1
652088;1096;222979400;12;89;0,82;5,7;182000000;839000;0;0
732778;441;38225040;6;80;0,42;1,6;16000000;78000;0;0
724728;176;79817750;16;105;0,29;6,3;326000;8600;0;0
687647;5;79817750;16;107;0,29;7,2;31000;118;0;0
745274;1005;63708400;12;82;2,51;3,7;160000000;736000;1;2
682080;1123;159271000;12;95;0,45;4,4;71000000;345000;0;0
573772;970;127416800;12;104;0,91;3,2;116000000;513000;0;0
692526;330;111489700;0;79;0,04;2,7;4000000;18000;0;0
707217;1820;95562600;0;80;6,59;5,3;630000000;2800000;1;3
652659;2000;159271000;6;100;7,53;6,5;1200000000;5300000;1;3
742027;900;76875000;16;87;3,54;3,3;272000000;1200000;1;3
738974;922;115312500;16;99;1,53;6,1;176000000;601000;0;1
468136;997;134531250;12;95;3,87;6,1;520000000;2100000;1;3
744429;16;38437500;12;91;0,01;6;322000;1400;0;0
585411;8;79817750;18;101;0,29;4,4;387000;1300;0;0
462371;1050;2306250000;12;105;0,05;5,6;122000000;490000;0;0
763746;1016;70000000;6;100;2,61;5,9;183000000;877000;1;2
742298;5;49968750;18;104;0;4,7;63000;251;0;0
229069;1037;999375000;12;128;1,2;5,7;1200000000;4400000;0;1
716877;842;153750000;12;94;1,63;5,7;251000000;1200000;0;1
655729;1236;230625000;0;90;0,91;4,8;209000000;1100000;0;0
696434;822;79817750;12;80;0,29;4,4;31000000;129000;0;0
790502;28;79817750;16;88;0,29;6;1500000;10000;0;0
696047;40;46125000;18;102;0,01;7,2;548000;2900;0;0
745511;14;79817750;16;95;0,29;7;582000;2600;0;0
40783;161;269062500;16;177;0,18;5,4;48000000;183000;0;0
809156;518;96093750;12;102;0,61;5;59000000;306000;0;0
761690;970;70000000;16;82;2,81;5;197000000;917000;1;2
677731;936;96093750;16;123;0,63;5,7;61000000;217000;0;0
803831;809;115312500;12;95;0,82;5,1;94000000;399000;0;0
617240;250;42281250;16;92;0,28;4,2;12000000;59000;0;0
686791;30;38437500;12;107;0,03;6,5;1000000;5800;0;0
701526;450;153750000;16;79;0,1;1,4;16000000;75000;0;0
713378;90;79817750;12;119;0,29;6,1;4700000;26000;0;0
728414;210;12707700;12;82;0,45;5,3;5700000;28000;0;0
696464;348;76875000;12;92;0,08;5,3;6300000;29000;0;0
817878;1046;111468750;12;90;0,49;4,8;55000000;237000;0;0
742172;161;57656250;6;81;0,02;4,6;1100000;7300;0;0
771753;227;269062500;16;83;0,12;1,5;33000000;144000;0;0
741627;15;115312500;16;122;0;6,3;108000;226;0;0
705436;1500;153750000;12;84;1,23;3,8;189000000;862000;0;1
809032;982;107625000;16;119;0,61;3,8;66000000;282000;0;0
759993;22;79817750;16;91;0,29;6,7;264000;1300;0;0
672477;28;79817750;16;137;0,29;6,1;2700000;13000;0;0
795847;1200;88406250;12;106;5,68;6,8;502000000;2300000;1;3
613621;680;153750000;12;85;0,07;5,7;11000000;49000;0;0
644706;800;249843750;12;79;0,1;6,2;26000000;119000;0;0
771230;980;153750000;6;88;0,9;5,4;138000000;780000;0;0
683688;7;88406250;18;83;0;6;261000;1100;0;0
839110;92;261375000;0;79;0,01;7,8;2100000;15000;0;0
679554;1075;28828125;16;93;4,3;6,8;124000000;578000;1;3
683481;40;76246200;16;105;0,01;7,2;503000;2500;0;0
683481;584;384375000;6;105;0,02;6,6;8900000;43000;0;0
684235;10;76875000;12;116;0;4,6;264000;1300;0;0
764736;20;66080040;16;97;0,01;4,7;362000;1900;0;0
688527;8;23062500;18;115;0,05;4,9;1100000;3300;0;0
653695;975;461250000;6;122;0,47;7,2;217000000;1000000;0;0
840726;5;79817750;16;57;0,29;6;113000;707;0;0
742281;1090;172968750;0;90;0,32;4,8;55000000;304000;0;0
689077;554;134531250;12;95;0,08;1,1;11000000;57000;0;0
818697;320;99937500;6;88;0,06;3,9;5500000;30000;0;0
771113;447;384375000;16;94;0,02;3,9;7900000;32000;0;0
659651;25;11531250;18;116;0,06;6;665000;2700;0;0
578904;15;19218750;16;95;0,02;6,7;403000;1900;0;0
841726;21;5189063;16;96;0,19;7,7;1000000;3500;0;0
791480;1302;76875000;16;89;2,56;2,7;197000000;919000;1;2
705350;305;57656250;16;85;0,1;6,8;6000000;29000;0;0
682963;209;57656250;16;95;0,03;5,9;1900000;8700;0;0
838997;61;49968750;16;87;0,01;5,4;524000;2600;0;0
419042;5;76875000;18;100;0;6,7;200000;800;0;0
800882;984;76875000;16;85;1,27;4,9;98000000;446000;0;1
839200;1068;84562500;18;90;2,03;3,8;172000000;793000;1;2
839744;30;53812500;12;95;0,04;6,9;2400000;8700;0;0
586308;632;807187500;12;175;0,09;5,8;74000000;299000;0;0
653685;266;79817750;16;95;0,29;6,2;3800000;17000;0;0
810243;2000;96093750;16;96;5,72;3,7;550000000;2400000;1;3
803428;163;65343750;6;75;0,04;6;2600000;18000;0;0
803433;162;88406250;6;76;0,03;6;2800000;21000;0;0
721686;146;126843750;6;100;0,01;4,5;1500000;11000;0;0
810248;907;76875000;16;90;1,11;4,3;85000000;388000;0;1
745090;35;700000;16;93;0,31;5,6;217000;1100;0;0
842451;33;1000000;16;78;4,8;7,7;4800000;18000;1;3
723825;223;11531250;18;85;0,71;2,8;8200000;32000;0;0
617220;100;384375000;12;110;0;4,1;157000;783;0;0
799128;120;46125000;18;90;0,07;6,1;3000000;12000;0;0
724982;264;74000000;16;128;0,08;7,2;6000000;24000;0;0
676363;547;269062500;12;100;0,06;5,7;17000000;83000;0;0
705379;851;96093750;16;83;1,37;6,3;132000000;543000;0;1
808639;17;49968750;16;116;0,03;8,1;1300000;5100;0;0
777026;967;84562500;12;80;0,57;4,9;48000000;195000;0;0
765082;912;76875000;12;92;1,76;5,2;135000000;558000;0;1
687193;2210;345937500;6;106;2,04;5,7;704000000;2900000;1;2
718559;1566;426705300;0;80;0,71;6,5;302000000;1300000;0;0
809087;2100;125000000;6;74;7,7;5,9;963000000;4200000;1;3
751916;964;140203170;16;84;2,99;6;419000000;1600000;1;2
765083;850;60000000;18;90;3,02;2,1;181000000;676000;1;3
818844;191;73149480;16;107;0,05;6,6;3900000;17000;0;0
596452;209;193841362;12;98;0,02;6,7;4300000;18000;0;0
762884;1080;609579000;16;91;0,25;5,9;150000000;611000;0;0
840670;13;36574740;12;83;0,01;5,4;283000;1200;0;0
810247;1801;121915800;6;86;1,13;5,1;138000000;650000;0;1
705699;120;182873700;16;90;0;5,3;359000;1300;0;0
705356;638;220000000;18;141;0,42;6,9;93000000;350000;0;0
676393;750;304789500;12;100;0,08;5,3;23000000;107000;0;0
797620;38;103628430;12;90;0,02;6,2;1800000;6000;0;0
742023;6;79245270;16;104;0;4,2;23000;118;0;0
705402;796;80000000;12;109;0,6;6,6;48000000;200000;0;0
851995;23;9143685;12;72;0,03;7,2;269000;1500;0;0
705672;750;243831600;0;85;0,14;3,8;35000000;180000;0;0
681881;1550;609579000;12;120;0,79;7,1;481000000;2100000;0;0
668624;150;1084427200;16;139;0,01;7,4;9100000;29000;0;0
808179;665;121915800;16;107;0,48;4,2;59000000;257000;0;0
765103;1044;140000000;16;107;3,5;6,6;490000000;1800000;1;3
688527;150;36574740;18;115;0,09;4,9;3200000;12000;0;0
788198;561;152394750;16;92;0,16;6,7;24000000;90000;0;0
843008;430;103628430;16;90;0,12;5,4;12000000;54000;0;0
839960;1408;150000000;6;114;2,55;7;383000000;1700000;1;2
842563;938;91436850;16;86;0,4;4,1;37000000;159000;0;0
744258;936;65000000;6;76;0,26;6,1;17000000;88000;0;0
841307;38;79817750;16;90;0,29;6,2;986000;3900;0;0
742026;1825;124000000;12;118;3,52;7,6;436000000;2000000;1;3
841956;885;50000000;18;84;3,04;3,7;152000000;662000;1;3
731969;20;30478950;18;91;0;4,3;37000;241;0;0
601933;778;500000000;12;157;0,15;7;75000000;306000;0;0
803206;20;67053690;16;89;0;5,6;36000;119;0;0
565710;350;67053690;12;90;0,16;4,8;11000000;48000;0;0
842565;1038;121915800;16;90;0,69;4,5;84000000;348000;0;0
840754;2437;220000000;12;120;1,24;7;272000000;1200000;0;1
797709;1183;146298960;12;79;1,18;5,3;173000000;755000;0;1
843761;877;231640020;12;82;0,12;6,2;28000000;139000;0;0
705700;700;274310550;16;101;0,05;6,4;14000000;63000;0;0
838962;540;121915800;12;90;0,19;4,3;23000000;111000;0;0
669489;150;286502130;16;137;0,01;6;4200000;17000;0;0
911117;24;79817750;18;84;0,29;5,7;1500000;6100;0;0
734725;153;91436850;18;117;0,01;6,2;1100000;4400;0;0
842469;143;80000000;12;105;0,02;6,7;1700000;8800;0;0
777032;834;60000000;16;100;1,38;6,2;83000000;367000;0;1
803205;68;30478950;16;116;0,04;5,9;1100000;4400;0;0
917786;175;79817750;0;57;0,29;6,8;1800000;35000;0;0
917293;27;900000;0;72;2,22;8,3;2000000;9000;1;2
839972;538;60957900;18;82;1,67;5,6;102000000;462000;0;1
840248;373;79817750;12;101;0,29;5,7;6800000;35000;0;0
840231;800;170682120;12;96;0,34;5,8;58000000;257000;0;0
922224;5;79817750;0;52;0,29;6;415000;8300;0;0
892585;159;8534106;18;80;3,16;6,2;27000000;124000;1;3
839768;31;18287370;12;84;0,02;7,1;310000;1400;0;0
893199;895;120000000;6;75;0,76;4,3;91000000;492000;0;0
662182;30;542213600;12;101;0;5,3;786000;3300;0;0
723104;420;225544230;16;100;0,04;5,5;10000000;38000;0;0
841830;680;50000000;12;90;0,34;6,2;17000000;76000;0;0
803412;70;73149480;16;79;0,01;5,3;627000;2700;0;0
880665;830;45000000;16;93;3,11;5,1;140000000;636000;1;3
838963;458;152394750;16;110;0,12;6,1;19000000;81000;0;0
893205;40;35760000;18;106;0;5,1;61000;312;0;0
714788;695;182873700;18;88;0,08;4,7;14000000;72000;0;0
927708;14;79817750;18;100;0,29;5,7;438000;2000;0;0
838695;109;42670530;16;120;0,03;5,1;1200000;5900;0;0
743860;67;42000000;16;94;0,11;6,6;4500000;20000;0;0
843175;1720;115000000;12;90;1,82;2,9;209000000;917000;0;1
838533;407;243831600;16;98;0,06;6,5;15000000;64000;0;0
930796;8;79817750;6;52;0,29;3,8;1500000;29000;0;0
781432;305;30478950;16;106;0,36;6,6;11000000;51000;0;0
797574;115;609579000;16;125;0;4,7;1300000;4900;0;0
1115497;24;79817750;12;143;0,29;6;944000;1900;0;0
799410;10;40000000;6;105;0;5,8;150000;703;0;0
925963;1;79817750;12;66;0,29;6,2;160000;532;0;0
893326;5;5000000;0;74;0,06;6;286000;1400;0;0
763565;1100;426705300;18;119;0,11;5,9;47000000;187000;0;0
839742;1074;60000000;12;90;30;6,8;203000000;822000;1;3
840230;495;121915800;16;86;0,1;3,2;12000000;53000;0;0
842545;30;79817750;12;84;0,29;7,8;2300000;10000;0;0
840020;21;38500000;16;98;0,01;5;436000;1700;0;0
803393;9;79817750;16;86;0,29;6,8;532000;2500;0;0
893235;678;73400000;16;76;0,18;3,3;13000000;58000;0;0
566549;1085;213352650;16;92;0,36;7,4;77000000;514000;0;0
765879;8;73149480;0;87;0;6,2;331000;1700;0;0
718233;32;40000000;16;113;0,02;6,4;830000;4100;0;0
840253;30;50200000;16;100;0,01;5,5;536000;2400;0;0
840536;1;67053690;16;90;0;4,7;36000;178;0;0
838049;410;121915800;18;118;0,25;6,4;30000000;128000;0;0
838726;145;135553400;16;101;0,09;6,3;12000000;50000;0;0
805091;467;79817750;16;70;0,29;4,4;10000000;45000;0;0
474233;1604;1000000000;6;85;0,2;4,6;196000000;908000;0;0
933264;13;48766320;18;80;0,05;4,7;2500000;12000;0;0
839705;31;60957900;18;103;0,01;5,9;516000;2100;0;0
902855;91;274310550;16;93;0;4,3;472000;2100;0;0
843330;290;134107380;16;105;0,01;5,6;972000;4300;0;0
842033;524;23000000;12;134;0,7;5,8;16000000;75000;0;0
765106;347;140203170;12;100;0,08;6,3;11000000;45000;0;0
839018;137;91436850;16;93;0,03;6,6;2900000;11000;0;0
820668;347;91436850;18;95;0,25;6,6;23000000;90000;0;0
843870;55;67053690;16;98;0,01;6,8;610000;3300;0;0
840258;1331;1097242200;12;110;0,12;6,8;130000000;514000;0;0
843798;75;10000000;16;94;0,46;6,2;4600000;22000;0;0
841770;655;55000000;16;115;1;6,6;55000000;200000;0;1
893103;910;79817750;6;93;0,29;3,8;131000000;575000;0;0
841936;87;134107380;12;108;0,01;6,4;1400000;4300;0;0
842252;33;42670530;16;107;0;6,3;137000;475;0;0
885602;50;79817750;16;92;0,29;7,2;15000000;62000;0;0
843784;1021;121915800;16;112;5,95;4,7;726000000;2800000;1;3
893457;766;146298960;12;95;0,42;5,1;62000000;242000;0;0
705346;1278;243831600;6;76;3,08;6,2;750000000;3300000;1;3
842713;1124;90000000;12;80;3,48;4,2;313000000;1200000;1;3
952664;20;79817750;0;75;0,29;6;75000;1500;0;0
704920;522;164586330;6;79;0,32;2,8;53000000;231000;0;0
839253;973;180000000;16;91;1,77;5,2;319000000;1100000;0;1
765119;700;85341060;16;103;0,95;5,1;81000000;299000;0;0
893520;863;120000000;6;89;0,18;5,8;22000000;93000;0;0
861608;100;23234303;16;91;0,12;5,4;2900000;8700;0;0
838856;887;78700000;16;95;2,15;5,8;169000000;682000;1;2
938870;10;79817750;16;78;0,29;5,9;35000;185;0;0
939941;15;23462215;16;75;0,01;7;336000;1300;0;0
885594;860;67034900;16;88;1,64;5,3;110000000;456000;0;1
933311;80;79817750;6;84;0,29;5,2;1800000;9000;0;0
840460;650;109000000;12;95;0,25;4,8;27000000;112000;0;0
899691;1038;100000000;12;105;3,15;6,5;315000000;1100000;1;3
840818;937;90000000;6;100;1,92;7;173000000;752000;0;1
742300;931;804418800;6;85;0,11;5,4;90000000;431000;0;0
993183;51;46924430;12;105;0,13;6,2;6100000;30000;0;0
882285;111;234622150;16;90;0,01;2,6;2000000;6500;0;0
843821;661;79817750;16;87;0,29;6,6;106000000;401000;0;0
910923;10;79817750;6;94;0,29;6,1;28000;187;0;0
908406;1205;75000000;12;100;2,43;3,1;182000000;714000;1;2
742198;93;79817750;18;97;0,29;6,3;1900000;7700;0;0
712697;40;234622150;18;124;0;5,9;1000000;4600;0;0
1039015;5;1500000;16;70;0,07;6;104000;522;0;0
774073;140;51000000;18;95;0,03;6,3;1400000;5500;0;0
765099;196;100552350;16;86;0,03;6,3;2600000;9300;0;0
916121;9;33517450;16;80;0;4,8;102000;425;0;0
840161;1162;1005523500;6;80;0,26;6,3;262000000;1400000;0;0
893814;1098;90000000;12;95;3,19;4,9;287000000;1300000;1;3
797710;350;124000000;12;100;0,05;6,4;5600000;20000;0;0
957871;129;67034900;6;86;0,04;4,9;2900000;14000;0;0
654811;8;335174500;6;85;0;4,7;160000;802;0;0
918969;65;113959330;16;116;0;5;294000;1300;0;0
840918;584;87145370;12;74;0,2;4,3;17000000;75000;0;0
963395;5;3351745;16;20;0,03;6;87000;359;0;0
933852;681;40000000;16;85;1,33;4;53000000;226000;0;1
838952;939;469244300;12;86;0,22;5,6;102000000;423000;0;0
705345;3;53627920;16;90;0;6,4;37000;147;0;0
778218;878;134069800;18;96;1,31;7,1;175000000;711000;0;1
705353;437;100552350;12;99;0,1;6,9;9800000;47000;0;0
970602;15;38000000;16;89;0,01;5,3;210000;842;0;0
968030;7;79817750;18;86;0,29;7,9;3500000;11000;0;0
923478;45;60331410;16;80;0,01;5,2;477000;1600;0;0
905043;20;40220940;16;74;0;4,9;136000;507;0;0
839818;1246;650000000;16;138;2,31;7,6;1500000000;5400000;1;2
927804;630;80441880;12;98;0,2;3,6;16000000;75000;0;0
738950;1175;402209400;6;80;0,38;6,7;154000000;733000;0;0
842524;512;55700000;12;102;0,18;7;10000000;48000;0;0
803397;415;130000000;12;93;0,05;5,9;6800000;21000;0;0
927771;750;113959330;16;80;0,45;2,9;51000000;217000;0;0
893509;67;60000000;16;70;0;3,8;168000;786;0;0
818938;88;100552350;6;138;0,01;7,1;817000;3800;0;0
913506;835;56900000;12;96;1,32;6,3;75000000;393000;0;1
916722;102;79817750;16;96;0,29;3,9;616000;2500;0;0
899500;964;52000000;16;80;0,79;3,1;41000000;182000;0;0
984296;20;80441880;16;96;0;5,7;385000;1900;0;0
855928;43;40000000;16;80;0,01;3,2;213000;1300;0;0
974203;920;134069800;16;85;0,31;4,4;42000000;200000;0;0
861616;1003;230000000;12;97;0,14;3,2;33000000;149000;0;0
840255;90;73738390;12;77;0,02;6,2;1200000;5000;0;0
976542;907;47000000;16;90;1,55;4,9;73000000;297000;0;1
951963;20;79817750;12;90;0,29;6;270000;1000;0;0
999453;19;79817750;18;92;0,29;5,2;790000;3300;0;0
841730;26;79817750;12;94;0,29;5;157000;552;0;0
742184;204;130000000;12;113;0,03;7;4500000;19000;0;0
948999;1287;100552350;16;90;4,79;4,1;482000000;2100000;1;3
930797;122;134069800;16;111;0,12;6,2;16000000;61000;0;0
957762;375;26813960;18;85;0,37;1,5;10000000;46000;0;0
840234;1158;725000000;16;110;0,52;6,6;377000000;1400000;0;0
932512;378;16758725;16;74;2,74;7;46000000;171000;1;2
943896;918;60000000;12;101;0,67;5,3;40000000;182000;0;0
904657;10;94000000;12;91;0;5,8;18000;122;0;0
893627;618;13000000;18;75;1,23;3,7;16000000;73000;0;1
922150;252;74231000;18;118;0,2;7,1;15000000;58000;0;0
911178;251;53627920;16;97;0,07;6,6;3600000;16000;0;0
893880;1224;670349000;12;120;0,52;6,5;348000000;1500000;0;0
944814;20;28950090;16;106;0,09;7,2;2500000;8100;0;0
842710;805;120000000;6;74;0,18;4,3;21000000;130000;0;0
1002914;112;54700000;12;99;0,01;4,9;733000;6200;0;0
803181;112;134069800;6;96;0,01;5,1;693000;5600;0;0
908602;112;79817750;6;81;0,29;4,9;1900000;16000;0;0
974199;139;80441880;12;92;0,01;4,7;587000;2900;0;0
765098;827;335174500;12;111;0,27;5,8;90000000;393000;0;0
855954;906;134069800;6;73;0,28;3,2;37000000;203000;0;0
1002690;594;87145370;16;90;0,14;4;12000000;51000;0;0
994649;59;35000000;6;90;0,23;1;8100000;22000;0;0
915270;802;54000000;12;95;1,39;6,6;75000000;318000;0;1
840269;7;79817750;16;77;0,29;5,3;58000;235;0;0
994654;10;6703490;16;84;0,11;6;757000;3000;0;0
667974;474;234622150;16;120;0,13;6;31000000;121000;0;0
921497;12;18434598;18;94;0;4,4;20000;103;0;0
934182;60;80441880;18;91;0,01;6,1;1100000;4400;0;0
764465;1181;150000000;12;120;2,57;7,5;386000000;1800000;1;2
980835;485;33517450;12;85;0,6;6,3;20000000;90000;0;0
1006707;40;12000000;12;83;0,08;5,3;903000;4400;0;0
839961;1201;200000000;12;102;1,1;6,8;220000000;897000;0;1
947975;16;37115500;16;90;0,01;6;250000;1200;0;0
908784;193;46924430;6;98;0,05;5,2;2200000;12000;0;0
908784;8;26813960;6;98;0;5,2;42000;179;0;0
1007861;105;79817750;6;83;0,29;6;397000;1700;0;0
935852;13;53627920;16;106;0,01;6,2;557000;3600;0;0
1002591;49;79817750;12;85;0,29;6;2500000;11000;0;0
932457;23;13406980;16;87;0,02;5,4;280000;900;0;0
797705;1055;200000000;6;117;0,79;4,5;157000000;705000;0;0
930744;6;3351745;16;92;0,04;6;150000;1400;0;0
935012;40;6703490;18;80;0,09;5,8;593000;2400;0;0
893500;1373;200000000;6;88;3,89;4,8;778000000;3200000;1;3
905034;1201;350000000;6;89;0,86;6,2;300000000;1400000;0;0
707407;1252;1224661889;18;133;1,22;4,5;1500000000;5800000;0;1
893507;1479;268139600;6;75;2,99;5,7;802000000;3700000;1;2
897166;206;305452989;16;131;0,17;6,8;51000000;181000;0;0
984360;1110;70000000;16;90;2,61;4,7;183000000;805000;1;2
978221;20;35011740;12;62;0,01;5,6;276000;3900;0;0
919720;54;40500000;16;107;0,01;6,7;355000;1400;0;0
840250;1334;380000000;16;132;2,89;5,6;1100000000;4000000;1;2
929650;397;75000000;12;81;0,07;4,8;5000000;23000;0;0
923490;23;40260000;12;90;0;4,4;182000;845;0;0
946883;956;40000000;16;96;6,68;6,5;267000000;1100000;1;3
1008664;24;79817750;16;126;0,29;8;4600000;14000;0;0
1008216;627;99199930;16;76;0,31;4,5;31000000;134000;0;0
841813;1278;380000000;12;85;0,72;3;273000000;1100000;0;0
844068;1040;162000000;12;90;0,27;4,5;44000000;185000;0;0
842433;416;79817750;12;85;0,29;5;15000000;61000;0;0
893501;775;79817750;16;98;0,29;6,4;72000000;305000;0;0
933778;389;46682320;16;119;0,28;6,7;13000000;51000;0;0
1008308;10;79817750;12;110;0,29;6;154000;1000;0;0
999471;977;110870510;16;93;1,15;4,5;127000000;564000;0;1
893928;30;50000000;6;100;0,04;7,4;1900000;16000;0;0
939638;287;46000000;16;95;0,26;5,8;12000000;50000;0;0
1039016;12;79817750;18;120;0,29;8,1;2800000;8700;0;0
1009434;13;5835290;16;80;0,15;6,6;901000;3000;0;0
910035;40;93364640;16;95;0;6;455000;2300;0;0
930535;721;99199930;12;98;0,1;4;10000000;45000;0;0
885316;1415;400000000;12;140;1,41;7,5;563000000;2400000;0;1
1041162;39;79817750;16;205;0,29;6;1300000;2500;0;0
1009436;2;2917645;16;73;0,05;6;159000;613;0;0
1009750;30;4500000;12;100;1,18;6,5;5300000;30000;0;1
905040;80;75858770;12;93;0,02;6,4;1800000;9400;0;0
983086;6;70023480;12;60;0;6;66000;302;0;0
840261;1223;320940950;12;110;1,15;6;368000000;1500000;0;1
839111;1478;345000000;0;88;0,63;5,9;217000000;1100000;0;0
909665;467;60000000;6;82;0,1;2,9;6000000;30000;0;0
905029;300;128600000;12;103;0,07;6,3;8700000;38000;0;0
1040409;3;79817750;0;53;0,29;6;62000;701;0;0
841472;825;372000000;12;132;0,63;6,9;234000000;991000;0;0
909701;45;40600000;12;90;0,01;6,2;608000;3100;0;0
994675;27;79817750;16;85;0,29;8;5400000;19000;0;0
963346;493;233411600;18;127;0,42;7,5;98000000;350000;0;0
1045559;27;79817750;0;52;0,29;6,6;940000;11000;0;0
953411;663;525176100;16;138;0,03;5,6;17000000;72000;0;0
981338;41;1000000;12;60;0,29;4,5;289000;1300;0;0
905032;475;250000000;16;107;0,1;6,3;24000000;99000;0;0
933755;30;52721120;16;107;0,01;5,5;322000;1700;0;0
934220;1038;140000000;6;85;0,35;6,3;49000000;292000;0;0
980838;370;50000000;16;83;0,22;6,2;11000000;45000;0;0
893259;758;42300000;16;113;0,4;5,1;17000000;77000;0;0
1046891;12;79817750;16;73;0,29;8,2;785000;3100;0;0
1044101;120;79817750;18;118;0,29;6,7;5700000;21000;0;0
915329;80;70023480;12;90;0;4,6;214000;1400;0;0
981105;1189;90000000;16;86;3,87;5,2;348000000;1500000;1;3
1007623;5;325000;12;28;0,77;6;251000;2200;0;0
945391;1407;50000000;18;100;9,1;6,2;455000000;1900000;1;3
980823;792;80000000;18;108;1,53;6,7;122000000;466000;0;1
921501;1422;175058700;12;95;0,82;5,7;144000000;643000;0;0
974204;6;1400000;6;83;0,04;6;54000;167;0;0
1007058;450;79817750;16;103;0,29;5,8;20000000;71000;0;0
1048327;39;79817750;18;126;0,29;8;1900000;6200;0;0
984364;1415;222513841;16;99;1,55;2,9;345000000;1500000;0;1
1045551;631;5835290;16;81;5,14;4,3;30000000;128000;1;3
994627;5;79817750;6;96;0,29;7,2;2300000;9000;0;0
1006733;1012;48000000;16;85;2,27;5,8;109000000;454000;1;2
1115457;5;79817750;18;96;0,29;6;1700000;6100;0;0
909700;52;25000000;18;90;0,17;7,3;4200000;16000;0;0
992605;356;54326362;18;116;1,64;7,7;89000000;326000;0;1
893506;1558;400000000;12;111;1,96;7,4;783000000;3100000;0;1
1109273;52;79817750;16;220;0,29;6;2500000;4800;0;0
994612;76;50000000;16;133;0,02;5,6;967000;4400;0;0
705382;1336;1458822500;16;109;0,37;5,7;537000000;2100000;0;0
1044311;16;79817750;18;79;0,29;5,6;60000;180;0;0
1043819;117;79817750;6;92;0,29;4,7;296000;2200;0;0
976642;1354;370000000;12;114;4,59;6,9;1700000000;7800000;1;3
1049517;117;54700000;6;94;0;7;273000;2000;0;0
1049516;117;79817750;0;95;0,29;4,3;361000;2300;0;0
905038;1369;262588050;6;80;1,63;7,5;427000000;2200000;0;1
911235;51;58352900;16;95;0,02;6,1;994000;3800;0;0
952154;5;40847030;16;91;0;5,2;29000;151;0;0
1046012;22;2917645;12;78;0,01;6;36000;116;0;0
905026;182;59000000;16;87;0,01;6,2;381000;1500;0;0
1048187;16;6590140;16;65;0,02;6,8;151000;563;0;0
934121;740;50000000;16;89;1,04;4,8;52000000;199000;0;1
1047304;15;4668232;12;112;0,05;6;222000;914;0;0
1008218;41;583529;18;85;0,63;6;367000;1100;0;0
1009410;10;38500000;16;78;0;6,7;176000;600;0;0
1007433;20;131802800;18;160;0;6,2;321000;1200;0;0
1047968;393;77000000;12;86;0,05;4,7;4100000;21000;0;0
1045642;1077;79817750;0;86;0,29;5,9;24000000;137000;0;0
981348;633;84000000;16;76;0,1;5,6;8200000;36000;0;0
844118;1498;360000000;12;117;1,69;6,5;607000000;2500000;0;1
932448;33;8000000;18;113;0,41;7,6;3300000;8500;0;0
1002706;569;46700000;12;97;0,39;6,7;18000000;77000;0;0
1097432;6;79817750;16;74;0,29;6;60000;158;0;0
1044422;857;79817750;12;80;0,29;5,8;54000000;229000;0;0
909696;11;79817750;18;90;0,29;5,9;332000;1000;0;0
1047305;300;38000000;16;86;0,07;5,8;2700000;12000;0;0
1045310;1536;79817750;6;85;0,29;5,8;910000000;3600000;0;0
840817;1535;590192191;6;133;5,08;7,5;3000000000;12000000;1;3
1038154;1731;174464395;6;75;4,65;5,8;812000000;3800000;1;3
905039;1080;150501840;6;75;0,35;5,2;53000000;250000;0;0
1412481;37;79817750;16;170;0,29;6;1600000;3000;0;0
1006718;300;61000000;12;98;0,18;6,8;11000000;54000;0;0
972741;1267;150000000;18;100;0,4;6,6;60000000;254000;0;0
1046009;22;156772750;12;104;0,02;6,7;3000000;13000;0;0
1047867;1549;200000000;18;62;0,85;3,3;170000000;727000;0;0
897888;1148;115000000;16;112;2,03;5,8;233000000;907000;1;2
1049561;1315;87792740;16;76;1,4;3,9;123000000;543000;0;1
992648;90;50167280;16;94;0;3,8;129000;631;0;0
1044316;30;9000000;16;92;0,03;6,6;248000;1500;0;0
975933;53;28219095;16;50;0,02;6,4;469000;1600;0;0
900052;1515;150000000;12;113;10;6,8;1500000000;6300000;1;3
1002714;1233;300000000;12;98;0,3;6,3;89000000;386000;0;0
1105405;10;79817750;18;58;0,29;5,7;154000;791;0;0
927567;10;46200000;12;105;0;6,1;30000;138;0;0
892865;16;79817750;16;110;0,29;7,2;151000;779;0;0
1038513;1248;106605470;16;99;3,83;6,8;408000000;1400000;1;3
961712;1205;136200000;12;105;0,95;5,3;129000000;531000;0;0
893988;397;150000000;16;126;0,82;6,5;123000000;396000;0;0
1109274;42;79817750;16;135;0,29;6;853000;1600;0;0
980839;603;66555990;18;107;0,35;6,3;23000000;88000;0;0
916062;765;80000000;12;106;0,39;6,8;31000000;143000;0;0
842037;1409;87649127;16;102;7,64;6,9;670000000;2700000;1;3
957731;18;79817750;18;80;0,29;4,5;54000;165;0;0
1045715;1120;82000000;16;99;1,04;5,9;85000000;348000;0;1
997480;90;78100000;12;85;0,01;7,3;762000;3700;0;0
1047726;750;79817750;16;105;0,29;5,8;47000000;204000;0;0
1100779;1688;75000000;16;99;6,17;6,3;463000000;2000000;1;3
1112993;7;79817750;18;78;0,29;6,5;13000;58;0;0
1177784;10;3500000;16;87;1,37;6,2;4800000;18000;0;1
1045076;30;1500000;18;76;0,2;5,8;297000;1300;0;0
981230;1694;390191139;12;138;2,21;6,8;864000000;3500000;1;2
841470;1643;240000000;6;85;1,13;6,8;271000000;1300000;0;1
1046545;1258;140000000;12;95;0,71;5,9;100000000;419000;0;0
1100572;33;79817750;12;62;0,29;8,2;4300000;16000;0;0
905031;1600;180000000;12;117;1,73;6,4;312000000;1300000;0;1
1044310;34;1567728;16;79;0,04;6,7;58000;306;0;0
842709;1160;270000000;6;81;0,26;5,4;71000000;453000;0;0
1209879;5;79817750;6;56;0,29;6;221000;963;0;0
1048530;340;114500000;6;94;0,03;5,9;3300000;17000;0;0
927822;1341;110000000;6;75;0,96;5,3;106000000;622000;0;0
893681;1480;200000000;12;116;1,05;4,9;210000000;873000;0;1
1057083;17;700000;6;79;0,11;7,5;80000;315;0;0
1118194;318;219481850;12;96;0,02;6,1;5200000;19000;0;0
1117965;63;79817750;18;98;0,29;6,8;7100000;18000;0;0
935794;751;130000000;12;96;0,07;5,5;8600000;39000;0;0
1009413;479;156772750;18;128;0,61;7,4;95000000;323000;0;0
1115437;44;79817750;16;128;0,29;6;681000;1300;0;0
1108400;1147;23000000;16;73;1,61;3,8;37000000;171000;0;1
1117943;56;79817750;12;117;0,29;6,6;4200000;14000;0;0
1194860;5;79817750;6;75;0,29;6;368000;1500;0;0
1045170;1335;94063650;18;96;1,28;6,3;120000000;525000;0;1
957910;514;48000000;6;114;0,11;5,8;5300000;26000;0;0
1112217;50;79817750;12;118;0,29;7,1;785000;2700;0;0
1048578;1177;42000000;16;87;2,45;4,6;103000000;474000;1;2
993589;1323;79817750;16;75;0,29;5,2;49000000;222000;0;0
1067608;218;79817750;12;104;0,29;6,8;1800000;8000;0;0
957911;21;18200000;18;91;0,01;4,5;181000;484;0;0
901932;360;125418200;18;97;0,04;4,3;4700000;20000;0;0
986638;1440;116000000;6;70;0,72;6;83000000;448000;0;0
1007425;1023;30000000;16;95;2,23;5,8;67000000;298000;1;2
1114917;1697;100000000;16;106;4,68;6,4;468000000;2000000;1;3
1118071;50;79817750;16;108;0,29;7,1;947000;2600;0;0
1046035;727;110000000;12;112;0,38;7;42000000;173000;0;0
1178293;45;79817750;16;48;0,29;7,2;1000000;4200;0;0
1182700;15;79817750;16;101;0,29;7,4;159000;526;0;0
1045781;1320;79817750;16;85;0,29;5,1;71000000;306000;0;0
972745;708;48600000;12;86;1,95;6;95000000;396000;0;1
1047742;261;79817750;12;80;0,29;5,8;1800000;9000;0;0
1049653;172;54000000;18;124;0,07;6,8;3700000;14000;0;0
1045777;1503;90000000;16;110;4,48;6,7;403000000;1700000;1;3
1042556;266;37000000;18;98;0,59;6,1;22000000;76000;0;0
998805;1270;60000000;16;97;1,32;4,7;79000000;334000;0;1
1161905;30;79817750;16;98;0,29;5,4;134000;430;0;0
1115424;70;79817750;6;55;0,29;8,7;7300000;31000;0;0
1103873;1226;125418200;18;100;0,3;4,2;38000000;161000;0;0
1049103;818;75000000;16;97;1,47;7;110000000;474000;0;1
465181;195;79817750;12;75;0,29;6,3;2600000;11000;0;0
1186152;56;79817750;18;94;0,29;5,6;324000;1000;0;0
984358;1260;140000000;12;90;1,36;4,9;190000000;857000;0;1
1045555;988;81521830;12;104;0,27;6,7;22000000;89000;0;0
782103;1020;226379851;16;90;0,28;3,4;63000000;273000;0;0
1044099;16;38000000;18;75;0,05;6,5;1900000;7100;0;0
1118074;220;110000000;18;100;0,02;6,5;1900000;8000;0;0
1007496;1300;150000000;12;90;1,73;5,5;259000000;1100000;0;1
1203043;10;79817750;12;68;0,29;6;47000;168;0;0
1176159;80;60000000;18;104;0,11;6,7;6700000;23000;0;0
1109267;59;79817750;18;61;0,29;5,9;518000;1900;0;0
1045094;25;112000000;18;114;0;5,3;184000;610;0;0
1008554;16;35000000;16;105;0,03;6,5;1000000;3100;0;0
1046197;503;62000000;16;95;0,39;4,1;24000000;100000;0;0
1039060;100;79817750;12;95;0,29;3,6;577000;2200;0;0
1171910;1044;154245687;12;102;0,46;2,6;71000000;306000;0;0
1118067;957;350000000;12;91;0,04;4,4;14000000;63000;0;0
704915;150;220000000;0;63;0,01;6;1300000;8100;0;0
1199665;45;79817750;16;120;0,29;6;1000000;2000;0;0
1161775;36;79817750;12;90;0,29;7,7;2900000;9000;0;0
924347;398;40000000;16;83;0,19;5,4;7600000;30000;0;0
933787;60;31354550;16;78;0,01;6;377000;1500;0;0
1045040;106;37900000;12;87;0,03;6,4;1100000;4400;0;0
1085625;472;79817750;16;88;0,29;5,4;9400000;39000;0;0
1049775;110;50000000;18;88;0,03;6;1300000;5500;0;0
934207;30;63170000;16;93;0;5,7;82000;452;0;0
840254;193;118000000;16;98;0,03;6,2;3400000;13000;0;0
1138874;1101;79817750;16;85;0,29;5,3;95000000;384000;0;0
980840;937;72000000;16;89;0,33;4,9;24000000;103000;0;0
1047421;354;79817750;16;110;0,29;5,2;11000000;46000;0;0
984366;128;181300000;16;81;0,01;5,9;1400000;7100;0;0
1045133;62;79817750;18;95;0,29;7;5000000;18000;0;0
1161783;1857;80000000;16;90;22,5;6,5;1800000000;6700000;1;3
1113014;1961;185500000;6;90;3,26;6,8;604000000;2800000;1;3
1181562;1845;179700000;16;92;4,07;5,7;731000000;2900000;1;3
930878;1880;600000000;12;139;3,83;6,6;2300000000;9100000;1;3
1115081;1479;356550000;16;80;0,54;6,7;193000000;880000;0;0
1214053;25;79817750;18;96;0,29;5,8;233000;233000;0;0
984361;1667;350000000;6;80;0,33;6;116000000;575000;0;0
1162846;1677;101460000;16;87;4,5;5,3;457000000;1900000;1;3
1207239;377;7250454;16;90;3,31;5,2;24000000;86000;1;3
1101223;1859;237000000;12;95;0,86;5,5;203000000;936000;0;0
1044134;697;79817750;18;98;0,29;5,8;1500000;6200;0;0
1158743;1472;56690000;16;90;0,97;4,7;55000000;241000;0;0
1111720;1537;323681000;16;100;0,39;6,3;125000000;522000;0;0
1122116;11;79817750;12;85;0,29;6;1400000;4900;0;0
1228484;38;79817750;0;80;0,29;7,3;495000;1600;0;0
993591;522;71209820;16;109;0,53;7,2;38000000;147000;0;0
1112721;136;115000000;16;97;0,04;5,4;4300000;17000;0;0
1142619;1259;78000000;16;96;7,03;6,8;548000000;2100000;1;3
1115552;1270;46000000;12;91;2,35;6,1;108000000;455000;1;2
665107;127;108500000;16;100;0,02;7;2600000;8900;0;0
1009491;688;79817750;16;80;0,29;5,2;13000000;55000;0;0
1115736;1594;499820000;16;108;0,28;5,8;141000000;610000;0;0
511144;9;79817750;16;118;0,29;4,2;28000;103;0;0
1184900;40;79817750;12;90;0,29;6,1;152000;679;0;0
1100374;1182;95000000;16;97;3,22;5,4;306000000;1200000;1;3
958530;21;79817750;12;75;0,29;7,7;2500000;8700;0;0
1243576;1;79817750;12;77;0,29;6;1100000;4300;0;0
1006742;370;76910000;16;100;0,29;6,5;22000000;78000;0;0
1111666;2;25000000;12;93;0;6,6;36000;189;0;0
994634;499;14371436;16;78;1,18;5,5;17000000;71000;0;1
1115818;1003;51788960;16;88;0,62;4,7;32000000;133000;0;0
840581;1344;385000000;6;80;0,08;3,5;30000000;171000;0;0
1049526;126;12947240;16;103;1,31;6,8;17000000;59000;0;1
1140394;830;78355000;16;83;1,2;5,2;94000000;398000;0;1
682395;88;79817750;16;122;0,29;6,3;3000000;11000;0;0
1245329;24;1700000;16;102;9,41;6,6;16000000;59000;1;3
1199801;212;79817750;12;85;0,29;4,6;2400000;38000;0;0
1199727;7;79817750;16;94;0,29;6;787000;6300;0;0
1231421;19;79817750;16;98;0,29;5,6;235000;995;0;0
1000443;1671;230000000;16;151;1,38;7,4;318000000;1300000;0;1
1047473;8;11000000;16;16;0,11;6;1200000;7000;0;0
1195680;6;323681;16;88;0,42;6;136000;277;0;0
1252229;19;1618405;6;77;3,52;6;5700000;24000;1;3
1045580;1034;80000000;16;105;2,76;5,1;221000000;866000;1;2
1171869;135;79817750;18;117;0,29;6,5;3100000;10000;0;0
1124737;136;79817750;16;90;0,29;5;1400000;7300;0;0
1049219;226;50000000;18;100;0,05;6,9;2700000;10000;0;0
1190148;93;79817750;16;90;0,29;6,6;1100000;3600;0;0
1167854;142;46920000;12;90;0,03;6;1200000;5700;0;0
1097416;17;79817750;12;60;0,29;6,3;149000;764;0;0
1111102;1474;150000000;6;104;0,81;7;121000000;565000;0;0
1236101;56;79817750;16;180;0,29;6;3400000;6800;0;0
1073236;139;20000000;16;80;0,06;4,8;1200000;5200;0;0
1253900;13;79817750;18;80;0,29;6;3200000;13000;0;0
1243961;23;79817750;16;76;0,29;4,9;156000;640;0;0
1097478;1765;260000000;12;101;1,63;4,8;423000000;1600000;0;1
1114973;1595;79817750;6;80;0,29;6,1;148000000;712000;0;0
1163152;226;79817750;12;115;0,29;6,6;7000000;27000;0;0
1007492;360;38890000;6;90;0,18;5,2;7000000;30000;0;0
963379;396;37850000;12;75;0,4;6,9;15000000;55000;0;0
1252968;17;1700000;6;108;7,06;7,5;12000000;51000;1;3
1118076;17;79817750;12;90;0,29;5,7;128000;555;0;0
1114965;965;270000000;16;113;0,18;6,6;48000000;188000;0;0
1046486;389;180000000;18;95;0,05;3,2;9700000;36000;0;0
893835;1667;197000000;12;125;0,24;6,7;47000000;215000;0;0
1199668;60;79817750;16;140;0,29;6;1400000;2800;0;0
1236106;61;79817750;16;135;0,29;6;2400000;4500;0;0
1228534;114;647362;12;95;1,42;4,3;920000;5400;0;1
1185420;216;79817750;16;89;0,29;6;3500000;17000;0;0
1108404;37;79817750;16;104;0,29;6;343000;1600;0;0
542446;221;79817750;0;65;0,29;6;3400000;37000;0;0
1199529;638;105721524;12;96;0,1;7;11000000;46000;0;0
1147701;648;47200000;16;100;0,12;4,6;5700000;27000;0;0
1221042;266;79817750;16;130;0,29;6,6;28000000;92000;0;0
1138850;25;79817750;12;83;0,29;7,9;354000;436;0;0
1109269;562;79817750;16;104;0,29;5,8;7600000;32000;0;0
996620;9;2500000;16;104;0,01;6;26000;76;0;0
811571;332;60990000;16;83;0,02;5,8;1500000;7100;0;0
1232565;208;38000000;12;92;0,03;6,2;1300000;31000;0;0
1273250;26;79817750;16;85;0,29;5,3;141000;523;0;0
1280513;35;40000000;16;96;0;6;188000;1300;0;0
991656;1601;154990000;6;110;0,71;5,3;110000000;508000;0;0
1142654;422;38500000;16;99;0,47;6,7;18000000;70000;0;0
1049514;1036;101660000;16;90;0,26;5;26000000;113000;0;0
929513;241;120000000;16;107;0,01;5,8;1600000;6500;0;0
957914;379;54000000;16;135;0,05;6,5;2800000;11000;0;0
1178289;895;80000000;6;85;0,45;6,4;36000000;171000;0;0
1162626;1281;62420000;6;85;0,32;5,2;20000000;110000;0;0
1176435;584;300000000;18;130;0,29;6,5;86000000;343000;0;0
1272297;981;79817750;16;100;0,29;5,3;23000000;99000;0;0
41187;12;79817750;16;119;0,29;7,5;269000;784;0;0
1301679;20;79817750;16;115;0,29;7;2500000;11000;0;0
1274269;50;79817750;0;84;0,29;6;180000;697;0;0
1280593;78;79817750;16;90;0,29;7,2;1900000;6700;0;0
1209752;1343;79817750;12;83;0,29;6;40000000;170000;0;0
1178267;113;64720000;6;94;0,43;7,8;28000000;164000;0;0
1138865;408;67940000;12;77;0,03;5,8;1900000;7900;0;0
1261584;11;79817750;16;80;0,29;5,9;477000;1200;0;0
840758;1851;3172073800;6;121;0,11;5,8;363000000;1400000;0;0
1252904;50;45050000;16;82;0,01;5;464000;1400;0;0
1115467;1708;250000000;12;115;0,72;5,3;179000000;732000;0;0
656423;151;71520000;6;94;0,02;5,3;1500000;27000;0;0
1142667;376;37744280;18;100;0,21;7,2;8000000;29000;0;0
1100766;760;1000000;12;87;14;6,4;14000000;66000;1;3
913060;317;79817750;16;81;0,29;5,2;2900000;13000;0;0
1199733;1043;145000000;16;90;0,72;4,3;104000000;439000;0;0
1280588;29;79817750;16;170;0,29;6;279000;410;0;0
1111938;42;79817750;16;68;0,29;5,3;2200000;8200;0;0
1114864;39;79817750;12;77;0,29;5,4;943000;3200;0;0
1111734;342;147870000;12;111;0,02;6,2;3400000;16000;0;0
1201340;18;79817750;6;87;0,29;6;265000;1000;0;0
1234848;1512;75000000;18;132;5,23;6,9;392000000;1500000;1;3
1267340;39;79817750;16;61;0,29;7,2;2900000;9200;0;0
1113015;1552;300000000;6;76;0,25;6,6;75000000;425000;0;0
1046033;54;55000000;16;106;0,12;6,5;6800000;25000;0;0
1219017;97;79817750;18;81;0,29;5;577000;2100;0;0
981110;270;64736200;16;128;0,2;6,7;13000000;46000;0;0
1280594;95;15010000;16;109;0,13;5,6;1900000;6600;0;0
1261581;663;46300000;18;82;2,2;6,2;102000000;378000;1;2
1228540;1345;150000000;6;90;0,47;4,8;70000000;345000;0;0
1314726;604;79817750;0;98;0,29;5,8;93000000;324000;0;0
1303158;31;79817750;16;78;0,29;6;8600000;36000;0;0
1273240;170;30448911;12;82;0,11;5,6;3500000;27000;0;0
1008755;62;79817750;6;50;0,29;6,5;741000;2400;0;0
972742;1565;453704666;16;99;0,13;5,8;57000000;234000;0;0
1206884;386;51788960;12;95;0,06;5,2;3200000;14000;0;0
1320480;5;5000000;6;95;0,1;6;497000;3000;0;0
1034860;284;780000000;16;136;0,07;6,9;52000000;192000;0;0
1252971;32;1500000;18;72;0,26;7,6;395000;1600;0;0
1210844;33;79817750;16;83;0,29;6;149000;490;0;0
766851;96;79817750;16;96;0,29;6,2;1600000;6300;0;0
981200;58;129472400;18;103;0;4,5;160000;688;0;0
1192366;984;38000000;16;92;2,82;5,9;107000000;440000;1;2
1108683;1858;300000000;16;127;0,57;6,1;170000000;691000;0;0
1115453;140;41000000;18;120;0,04;6,3;1600000;6100;0;0
1007986;1378;360054850;6;120;0,32;7;114000000;496000;0;0
1138880;670;78422212;16;90;0,26;5,2;20000000;81000;0;0
1258606;38;3450000;12;86;0,32;6;1100000;3700;0;0
1280515;475;16766676;18;86;1,01;6,7;17000000;70000;0;1
1313591;679;79817750;12;113;0,29;6,7;86000000;374000;0;0
1287550;122;60150000;16;94;0,01;5,5;588000;2700;0;0
1103916;79;37500000;16;92;0,02;6,6;587000;4600;0;0
1255106;2116;150000000;12;85;7,33;5,8;1100000000;4200000;1;3
1187890;56;79817750;12;87;0,29;5,2;366000;1600;0;0
1115685;1846;300000000;6;80;1,34;7,5;401000000;1900000;0;1
1245325;42;79817750;12;90;0,29;6,6;178000;633;0;0
972740;1985;980000000;12;136;0,74;5,9;729000000;2700000;0;0
1235963;2120;190000000;6;88;2,75;6,9;523000000;2400000;1;2
1183582;2118;160000000;12;109;20;6,8;3200000000;12000000;1;3
1045582;1806;944000000;12;129;1,05;5,7;994000000;3600000;0;1
1162847;1994;150147502;12;92;3,66;4,5;549000000;2300000;1;3
1228547;1787;88150000;16;95;2,67;5,5;235000000;941000;1;2
1142591;269;79817750;16;92;0,29;5,3;959000;3800;0;0
933208;1882;305000000;16;111;0,51;6,4;157000000;647000;0;0
1197704;30;79817750;12;85;0,29;5,5;85000;540;0;0
958470;90;61571449;16;93;0,02;5,9;1400000;4600;0;0
1046004;110;46941140;12;72;0,02;6,1;1000000;4800;0;0
1227963;1974;322350000;6;132;4,65;7;1500000000;6400000;1;3
1117991;8;79817750;18;64;0,29;4,9;366000;1800;0;0
1188248;1383;200064400;12;104;0,59;7,6;118000000;501000;0;0
1338313;31;79817750;16;115;0,29;7,9;4300000;12000;0;0
1118093;8;79817750;16;97;0,29;7,3;16000;62;0;0
1311137;125;57880000;16;99;0,02;6,9;959000;3700;0;0
1124682;1780;78000000;16;97;0,96;4,7;75000000;326000;0;0
1039764;153;39700000;16;76;0,02;5,3;790000;3400;0;0
1112295;1248;120000000;12;100;0,43;7,3;51000000;195000;0;0
1206431;1986;150000000;12;107;3,04;6,1;456000000;1800000;1;3
1311060;493;79817750;18;100;0,29;5,2;8700000;31000;0;0
1313568;24;79817750;16;135;0,29;7,2;615000;2300;0;0
1209570;44;79817750;6;128;0,29;5,9;89000;971;0;0
1234939;709;30000000;12;103;0,2;7,9;6000000;28000;0;0
1314719;954;79817750;12;92;0,29;4,8;8100000;33000;0;0
1254046;94;124091650;18;152;0;6,7;258000;684;0;0
994530;462;54000000;12;100;0,2;7,2;11000000;41000;0;0
1261545;96;61540000;0;90;0,01;4,9;656000;2900;0;0
1338272;383;79817750;16;90;0,29;5,6;3900000;16000;0;0
1366087;255;79817750;16;81;0,29;3,8;1700000;7300;0;0
1291182;551;76000000;12;100;0,32;5,3;24000000;96000;0;0
1189670;490;46000000;16;91;0,08;5,1;3900000;16000;0;0
841471;1192;786400000;6;115;0,14;4,9;109000000;487000;0;0
1261583;22;60668576;0;76;0;4,9;97000;359;0;0
1260096;103;79817750;6;72;0,29;6;306000;1700;0;0
1219167;161;38461539;12;92;0,03;6,2;1100000;4800;0;0
1402772;41;79817750;16;138;0,29;6;663000;1900;0;0
1379064;9;79817750;12;92;0,29;4,4;51000;95;0;0
1167867;1650;330000000;6;101;1,1;5,9;362000000;1500000;0;1
984359;1550;200000000;6;80;0,25;5,5;50000000;257000;0;0
1199541;230;79817750;16;100;0,29;6;3400000;11000;0;0
1272294;921;79817750;18;103;0,29;6,2;4100000;17000;0;0
4837786;14;79817750;12;85;0,29;6;3600000;13000;0;0
1252962;1569;79817750;12;101;0,29;6,6;87000000;346000;0;0
1309166;415;50000000;16;93;0,32;6,4;16000000;59000;0;0
1242705;628;100000000;16;112;0,13;5,8;13000000;51000;0;0
1399299;415;79817750;18;100;0,29;4,4;1300000;5000;0;0
1301899;99;79817750;16;129;0,29;6,5;689000;2100;0;0
1398964;918;50000000;16;91;0,54;5,3;27000000;107000;0;0
1199625;949;1000000;16;109;76;6,3;76000000;281000;1;3
1254059;1138;72000000;16;120;0,31;8,2;22000000;88000;0;0
1402924;85;10000000;18;78;0,04;5,4;428000;1600;0;0
999460;1287;79817750;16;80;0,29;4,7;28000000;118000;0;0
1199677;8;7214640;18;100;0,06;4,6;400000;1200;0;0
1320368;553;52209000;16;93;0,18;5,3;9200000;36000;0;0
1334853;930;125000000;16;115;0,34;5,1;42000000;166000;0;0
1191022;1607;420000000;12;136;0,21;7,2;90000000;366000;0;0
1445178;43;255000000;16;145;0,05;6,3;12000000;43000;0;0
1387177;36;79817750;16;73;0,29;6,9;217000;754;0;0
1285413;1278;150000000;16;98;0,18;4,9;27000000;105000;0;0
1234850;361;151472080;16;121;0,08;7;12000000;40000;0;0
1345717;1505;50000000;16;110;11,4;4,3;570000000;2200000;1;3
1204966;792;65000000;16;90;0,12;5,6;8000000;33000;0;0
1311031;1052;200000000;12;108;0,07;6,4;14000000;57000;0;0
1140013;67;79817750;16;86;0,29;5,6;243000;1300;0;0
1363062;449;79817750;6;90;0,29;4,3;1500000;6300;0;0
1395841;180;79817750;16;92;0,29;7;4900000;17000;0;0
1438350;15;28858560;16;90;0;7,2;14000;56;0;0
1311064;1571;79817750;12;115;0,29;7,1;80000000;326000;0;0
1331271;27;3000000;12;70;0,57;6,6;1700000;5400;0;0
1334856;549;79817750;16;122;0,29;6,4;21000000;71000;0;0
1390625;1401;102800000;6;83;0,27;6,2;28000000;129000;0;0
1309522;138;72146400;18;108;0,01;5,8;397000;1200;0;0
1399265;12;3968052;6;51;0,01;8,6;54000;212;0;0
1338253;1021;79817750;12;92;0,29;5,8;8200000;35000;0;0
1225587;1845;500000000;16;136;0,98;7,3;490000000;1700000;0;0
1189859;964;79817750;16;135;0,29;7,2;17000000;60000;0;0
1331265;1209;79817750;16;97;0,29;6,4;248000000;794000;0;0
1337697;130;47395947;6;85;0,01;7,6;386000;1500;0;0
1445155;736;79817750;16;80;0,29;6,5;8400000;34000;0;0
1309163;18;37595129;12;90;0;6,2;65000;230;0;0
1346360;1709;110456138;16;88;1,04;4,8;115000000;464000;0;1
1183599;1996;550000000;6;131;1,69;7,7;927000000;3300000;0;1
1249181;1125;150000000;6;76;0,47;8,2;70000000;320000;0;0
1113011;1738;180000000;6;77;2;7,2;360000000;1400000;1;2
1249172;2033;650000000;6;121;3,23;6,6;2100000000;7400000;1;3
1207408;644;79817750;16;88;0,29;6,6;22000000;80000;0;0
1402921;1668;60000000;16;92;1,25;4,8;75000000;300000;0;1
1101306;220;20000000;16;87;0,08;5,7;1500000;5100;0;0
1289029;1784;95000000;16;105;0,75;3,7;71000000;335000;0;0
4318308;33;3500000;16;84;1,97;6,2;6900000;25000;0;1
1234854;775;80000000;18;100;0,21;6,6;17000000;57000;0;0
1405916;37;1473082;16;82;0,07;4,7;97000;322;0;0
1291065;1628;150000000;6;92;0,15;7,3;22000000;121000;0;0
1392769;1302;79817750;16;105;0,29;5,7;27000000;104000;0;0
1388425;450;79817750;18;122;0,29;6,5;80000000;242000;0;0
1115749;75;79817750;12;80;0,29;4,4;5900000;23000;0;0
1443829;38;79817750;16;85;0,29;5,6;118000;479;0;0
1412516;1847;79817750;16;91;0,29;5,1;73000000;269000;0;0
1274271;1753;160000000;12;98;3,06;6,4;489000000;1900000;1;3
1445245;82;47734050;16;100;0,02;5,3;1100000;3300;0;0
1297221;1208;60000000;16;92;0,63;4,8;38000000;148000;0;0
4380538;7;79817750;16;94;0,29;6;578000;2400;0;0
1272474;1283;100000000;12;94;0,55;5,3;55000000;202000;0;0
1045583;1934;760000000;6;111;1,58;6,8;1200000000;4900000;0;1
1048740;150;79817750;16;93;0,29;6;1300000;4600;0;0
1392490;54;79817750;16;88;0,29;5,8;475000;1600;0;0
1395840;216;1500000;16;72;8;6,6;12000000;39000;1;3
1326397;1738;75000000;16;76;7,11;7;533000000;1900000;1;3
1049115;89;60000000;16;95;0,01;4,7;344000;1800;0;0
4299304;12;79817750;6;82;0,29;7,5;35000;124;0;0
4326621;77;10000000;6;89;0,72;6,6;7200000;60000;0;0
1405926;1811;247336000;12;104;2,17;6,7;536000000;1900000;1;2
1395847;1197;180000000;12;119;0,34;4,9;62000000;233000;0;0
1345722;1170;79817750;16;127;0,29;6,6;56000000;219000;0;0
1189865;1110;120000000;16;109;0,27;5,9;32000000;115000;0;0
1378954;58;25714000;16;89;0,07;7,2;1900000;6300;0;0
2044847;184;100000000;16;91;0,01;5,2;812000;3500;0;0
4418992;25;5500000;12;95;1,18;7,2;6500000;25000;0;1
1313593;969;50000000;18;87;0,44;4,8;22000000;85000;0;0
1112308;38;61538500;16;86;0,01;6;921000;3800;0;0
1142206;1877;110000000;6;110;3,2;7,3;352000000;1600000;1;3
4312553;1534;361282000;6;104;0,22;7,8;81000000;397000;0;0
4365812;22;79817750;12;48;0,29;6,3;1000000;2400;0;0
4420961;18;1500000;12;75;1,73;6;2600000;9100;0;1
4382053;345;79817750;16;80;0,29;6;834000;2800;0;0
1162783;393;50000000;16;86;0,1;6,2;5000000;16000;0;0
4394762;15;79817750;12;59;0,29;6;1400000;3300;0;0
1301680;63;64300000;16;91;0,01;5,5;787000;2600;0;0
667893;56;104144000;16;81;0,01;4,4;916000;3800;0;0
1109271;1926;368270500;12;136;0,89;7,1;329000000;1200000;0;0
1214042;25;79817750;12;85;0,29;7,2;387000;1600;0;0
1445243;920;79817750;16;96;0,29;6,7;16000000;59000;0;0
1209777;400;79817750;16;128;0,29;7,9;16000000;48000;0;0
1006642;8;79817750;16;93;0,29;7,8;47000;155;0;0
4432514;15;3200000;12;107;4,06;6;13000000;42000;1;3
1239328;1318;79817750;12;83;0,29;4,5;14000000;70000;0;0
1227958;45;79817750;18;97;0,29;6;684000;2000;0;0
1249198;2093;689000000;12;136;0,57;4,9;390000000;1500000;0;0
4319755;11;79817750;16;60;0,29;5,9;111000;295;0;0
1243146;6;79817750;16;98;0,29;6,4;29000;110;0;0
1313587;820;100000000;16;85;0,06;4,3;6100000;24000;0;0
1275514;21;38461000;12;92;0;5,7;123000;1600;0;0
1115019;22;37700000;12;80;0;5,4;33000;104;0;0
1249213;1909;625253243;12;118;0,51;6,3;317000000;1200000;0;0
4417900;881;79817750;0;60;0,29;6;6000000;29000;0;0
1354105;2034;120000000;16;91;0,29;4,4;324000000;1200000;0;0
1234852;23;176250000;16;88;0;5,7;355000;1300;0;0
1281999;311;147308200;16;98;0,04;7,3;5400000;18000;0;0
1338239;369;79817750;16;83;0,29;7,2;2300000;8200;0;0
1162915;37;79817750;16;82;0,29;6;294000;1000;0;0
1219140;27;10000000;18;110;0,02;5,7;249000;527;0;0
4453523;15;79817750;16;77;0,29;6;138000;627;0;0
4322000;74;79817750;16;75;0,29;5;137000;681;0;0
1392597;119;79817750;16;75;0,29;7;2100000;6400;0;0
1291214;180;26000000;16;87;0,28;6,1;7200000;24000;0;0
4453518;7;79817750;18;109;0,29;6;55000;183;0;0
4470136;20;79817750;16;97;0,29;6;30000;159;0;0
1355076;90;79817750;6;65;0,29;6;1200000;9600;0;0
4299813;961;11000000;0;63;3,64;8,4;40000000;215000;1;3
1115648;1364;50097486;16;98;0,32;7,1;16000000;67000;0;0
1338531;17;79817750;16;102;0,29;6;10000;69;0;0
4453165;821;79817750;0;54;0,29;6;5100000;35000;0;0
1426216;879;79817750;16;92;0,29;5,5;5800000;23000;0;0
4453528;3;79817750;16;72;0,29;6;4000;17;0;0
1445060;120;38000000;16;92;0,01;4,9;242000;1100;0;0
4411309;1188;79817750;16;82;0,29;5,5;20000000;78000;0;0
1305913;1797;135000000;16;96;0,37;6,8;50000000;194000;0;0
4474046;32;79817750;16;85;0,29;2,2;2100000;5300;0;0
1274273;36;79817750;16;117;0,29;6;43000;159;0;0
1402934;365;79817750;16;107;0,29;5,4;2200000;7400;0;0
1297266;247;79817750;16;108;0,29;4,3;655000;2600;0;0
4467719;11;79817750;12;67;0,29;6;21000;68;0;0
4450231;760;135000000;16;87;0,18;6,8;24000000;94000;0;0
4505456;23;79817750;12;63;0,29;8,2;97000;392;0;0
4421024;149;79817750;6;90;0,29;6;559000;3800;0;0
1198735;1103;112098000;12;90;0,12;6,1;13000000;54000;0;0
1346362;150;97745000;12;118;0,01;6,2;904000;8400;0;0
4390405;1688;79817750;12;87;0,29;4,8;60000000;257000;0;0
1263423;495;79817750;18;145;0,29;6,9;41000000;120000;0;0
1445176;788;79817750;18;88;0,29;4,9;50000000;183000;0;0
4526542;774;79817750;0;45;0,29;6;7600000;48000;0;0
4326876;134;5000000;12;90;0,26;6,5;1300000;6900;0;0
1451342;77;79817750;16;106;0,29;6,3;1300000;3600;0;0
1338096;287;79817750;6;92;0,29;5,8;2000000;9400;0;0
4528844;6;79817750;16;103;0,29;6;111000;370;0;0
1219003;409;170000000;16;104;0,04;5,7;6800000;25000;0;0
1046057;363;79817750;16;119;0,29;6,5;7400000;26000;0;0
1421574;156;79817750;12;97;0,29;6,9;4000000;12000;0;0
1392783;29;79817750;12;110;0,29;6;56000;252;0;0
4640143;69;79817750;6;52;0,29;6;445000;2800;0;0
1388416;52;79817750;12;93;0,29;6,5;296000;892;0;0
1437864;189;79817750;16;104;0,29;4,9;1700000;6400;0;0
4444907;69;38500000;12;105;0;6;53000;308;0;0
4522317;51;79817750;16;78;0,29;4,1;145000;592;0;0
4533253;156;79817750;16;80;0,29;6,7;6100000;19000;0;0
4463980;8;79817750;18;80;0,29;7,1;1800000;4200;0;0
1311544;237;45100000;18;116;0,08;6,1;3400000;11000;0;0
4533401;541;79817750;0;45;0,29;6;4100000;26000;0;0
1421579;19;79817750;18;97;0,29;6;38000;128;0;0
1046034;351;218800000;12;168;0,02;7,2;3400000;13000;0;0
1412230;1629;79817750;16;87;0,29;4;54000000;201000;0;0
4539790;7;79817750;18;108;0,29;6,2;282000;733;0;0
4641840;17;79817750;16;102;0,29;6,3;1500000;4500;0;0
1243139;1722;200200000;6;90;0,69;7,5;139000000;687000;0;0
1445141;613;60000000;16;92;0,14;4,3;8300000;32000;0;0
4642838;49;43000000;16;92;0;6;154000;726;0;0
4708967;27;79817750;16;106;0,29;6;3300000;11000;0;0
1330041;841;92100000;16;78;0,2;4,9;18000000;65000;0;0
1325605;1383;70000000;16;102;0,24;5,6;17000000;63000;0;0
1437854;70;79817750;18;139;0,29;5,9;716000;1700;0;0
986636;1607;245000000;0;70;0,07;7,5;16000000;75000;0;0
1390618;31;79817750;18;80;0,29;5,1;239000;672;0;0
1421591;1741;132000000;12;126;1,03;7,2;136000000;521000;0;1
1346514;301;198866070;16;103;0,07;6,8;14000000;42000;0;0
2046399;112;40000000;16;88;0,02;6,6;803000;3000;0;0
4534956;108;79817750;16;94;0,29;5,7;517000;1200;0;0
1115468;1695;120000000;16;105;0,57;5,7;68000000;242000;0;0
1405968;1662;319000000;12;105;0,18;7,4;58000000;227000;0;0
4550516;21;79817750;0;90;0,29;5,9;148000;1200;0;0
4456630;253;79817750;12;97;0,29;4,8;777000;3100;0;0
4463981;40;40000000;18;85;0;5,4;174000;655;0;0
2044846;663;79817750;16;98;0,29;5,9;9300000;31000;0;0
4667996;140;79817750;6;84;0,29;5,3;557000;3200;0;0
4298812;124;79817750;16;124;0,29;5,8;565000;1600;0;0
4679793;14;79817750;0;85;0,29;6;44000;377;0;0
4533354;1100;180000000;6;93;0,39;3,2;70000000;247000;0;0
1354896;15;79817750;6;105;0,29;5,7;59000;273;0;0
1272246;2189;454280000;6;108;5,06;6,7;2300000000;7500000;1;3
1249233;1964;700000000;6;145;0,61;6,9;430000000;1300000;0;0
4419497;2042;180000000;6;87;2,53;7,4;456000000;1700000;1;2
4403000;1306;79817750;12;74;0,29;4,9;67000000;210000;0;0
1115454;281;164830000;16;107;0,01;6,1;1500000;3900;0;0
4449009;904;79817750;16;96;0,29;6,3;86000000;268000;0;0
968618;500;202430000;12;98;0,03;4,7;5600000;17000;0;0
1354084;75;79817750;16;88;0,29;5,2;578000;2000;0;0
1183602;100;50000000;16;95;0,01;4;591000;2600;0;0
1113006;265;79817750;6;86;0,29;5,4;1600000;6500;0;0
1311545;24;79817750;18;96;0,29;5,3;60000;194;0;0
4491071;707;180000000;12;111;0,02;4,8;3700000;17000;0;0
4552644;34;79817750;18;73;0,29;7;1300000;3700;0;0
4789591;973;79817750;16;116;0,29;6,3;31000000;108000;0;0
1161475;190;38460000;16;95;0,06;4,6;2300000;6600;0;0
4517648;21;79817750;18;104;0,29;6,9;792000;1500;0;0
4290071;1990;78130900;12;115;3,92;6,3;306000000;1100000;1;3
1320548;30;60000000;6;84;0;6,2;81000;403;0;0
4507680;21;79817750;16;89;0,29;3,7;26000;148;0;0
4491514;1092;79817750;12;88;0,29;5,6;15000000;55000;0;0
1338453;1914;310317945;12;121;0,49;6,1;153000000;524000;0;0
1249218;1509;600000000;12;121;0,07;6,9;43000000;160000;0;0
1390626;840;358114000;6;94;0,11;6,9;40000000;166000;0;0
1431128;139;79817750;16;96;0,29;5;1400000;4000;0;0
4729319;22;79817750;16;98;0,29;6;6300000;20000;0;0
1274274;1233;79817750;6;107;0,29;6,3;38000000;131000;0;0
4841224;8;79817750;16;99;0,29;7;14000;2300;0;0
1234853;1929;150000000;12;117;1,98;7,6;297000000;1000000;0;1
1412483;2;79817750;12;83;0,29;6,4;33000;82;0;0
4856073;33;79817750;16;97;0,29;7,8;1600000;1500;0;0
4830642;59;79817750;16;80;0,29;5,8;214000;802000;0;0
4467988;2049;79817750;12;106;0,29;5,9;238000000;50;0;0
4528801;1753;79817750;16;93;0,29;1,6;26000000;30000;0;0
1387136;67;79817750;12;86;0,29;6;697000;15000;0;0
4756142;273;79817750;12;68;0,29;6;3800000;90000;0;0
1445167;1837;120000000;6;76;0,67;5,5;80000000;1700;0;0
4742512;2102;350000000;6;85;1,23;7,8;430000000;1800000;0;1
4681792;77;79817750;16;142;0,29;6;140000;593;0;0
4428575;7;79817750;16;84;0,29;6;17000;39;0;0
1431114;3;38500000;12;74;0;5,4;27000;94;0;0
4550354;339;79817750;16;59;0,29;5,5;11000000;42000;0;0
1278046;349;82000000;16;91;0,04;6;3300000;12000;0;0
4853049;2174;79817750;6;90;0,29;6;93000000;394000;0;0
1263667;102;45100000;16;94;0,07;5,6;3200000;11000;0;0
1354764;1863;79817750;12;84;0,29;6;16000000;57000;0;0
4324950;637;79817750;16;109;0,29;6,9;18000000;59000;0;0
4903616;59;79817750;16;90;0,29;6;501000;1500;0;0
4907342;1160;79817750;12;79;0,29;6,6;50000000;176000;0;0
1390671;46;79817750;16;102;0,29;5,8;126000;383;0;0
4929714;27;2500000;6;95;2,84;6;7100000;22000;1;2
4929832;106;79817750;18;86;0,29;6;2200000;7000;0;0
4902867;853;79817750;16;116;0,29;4,9;12000000;40000;0;0
1251147;967;79817750;16;101;0,29;6,5;9700000;33000;0;0
1405778;551;135000000;18;137;0,26;7,8;35000000;103000;0;0
1451291;2044;290000000;12;114;0,26;6,4;74000000;272000;0;0
882288;2144;390180000;6;85;0,08;6;32000000;135000;0;0
893508;2120;330000000;6;98;0,28;6,1;94000000;371000;0;0
4473129;1656;79817750;16;90;0,29;5,4;45000000;146000;0;0
1291197;1938;125000000;6;105;0,86;6,2;108000000;384000;0;0
4533880;2039;546916300;12;100;0,18;6,3;98000000;348000;0;0
4919130;414;79817750;0;45;0,29;6;2000000;11000;0;0
4473142;17;79817750;16;88;0,29;6;201000;723;0;0
4432433;2006;110000000;16;81;0,34;4,8;37000000;135000;0;0
4908022;738;100000000;12;95;0,06;6,1;6400000;33000;0;0
4929712;95;79817750;16;96;0,29;6,07;607000;2000;0;0
4476197;191;62694671;16;89;0,03;6,59;1800000;6200;0;0
1338093;1126;65000000;6;81;0,29;6,46;9200000;410000;0;0
4365786;114;79817750;6;54;0,29;6,94;4200000;43000;0;0
1272312;96;79817750;16;100;0,29;5,57;1100000;4000;0;0
4450910;559;110054669;18;96;0,1;7,26;11000000;32000;0;0
4888175;687;79817750;18;90;0,29;5,8;11000000;39000;0;0
4686011;1236;79817750;18;87;0,29;4,82;15000000;53000;0;0
4936396;10;4920000;12;72;0,03;7,7;129000;349;0;0
953736;1070;79817750;6;74;0,29;7,17;20000000;104000;0;0
1112632;1790;300000000;12;120;0,17;7,61;51000000;180000;0;0
1249527;1872;90000000;6;94;1,31;6,27;118000000;511000;0;1
1395461;1793;79817750;12;95;0,29;7,4;34000000;123000;0;0
1445170;1754;102300000;0;65;1,41;8,46;144000000;700000;0;1
1162853;98;79817750;12;128;0,29;7,51;13000000;41000;0;0
4934481;286;79817750;18;92;0,29;5,72;1700000;5400;0;0
4958024;36;120000;18;139;0,66;4,34;79000;300;0;0
4958196;410;79817750;6;88;0,29;7,3;9400000;47000;0;0
4497446;1885;250000000;12;97;1,43;6,63;358000000;1300000;0;1
4400203;1731;57165857;16;110;3,36;7,18;192000000;649000;1;3
1115176;2084;192471453;6;76;1,09;7,79;210000000;1000000;0;1
4935438;360;79817750;6;86;0,29;0;574000;2100;0;0
4974491;269;79817750;16;99;0,29;6,71;2000000;6900;0;0
4920569;725;79817750;12;101;0,29;7,22;3200000;12000;0;0
1112676;996;79817750;16;96;0,29;6,86;24000000;86000;0;0
4366835;331;60848413;12;104;0,13;7,4;7700000;24000;0;0
673428;1908;82518100;18;115;1,03;7,19;85000000;311000;0;1
1167855;859;79817750;18;108;0,29;6,93;21000000;73000;0;0
4973146;180;79817750;16;79;0,29;1,36;597000;2300;0;0
5019031;15;79817750;16;78;0,29;6,26;2600000;9900;0;0
4957174;318;45000000;16;80;0,04;3,57;2000000;7600;0;0
986637;650;134441000;12;95;0,05;5,66;7300000;28000;0;0
5000550;1036;79817750;16;100;0,29;6,14;15000000;58000;0;0
5021743;23;79817750;16;100;0,29;0;6900000;21000;0;0
1356366;1834;79817750;16;102;0,29;5,47;75000000;271000;0;0
4507515;921;79817750;18;87;0,29;4,78;15000000;54000;0;0
4961823;1761;79817750;6;90;0,29;6,75;31000000;161000;0;0
4693268;465;39142060;16;88;0,33;6,5;13000000;46000;0;0
4999582;1076;79817750;12;98;0,29;6,83;13000000;50000;0;0
1403069;1890;77000000;12;87;0,84;5,24;65000000;264000;0;0
1392757;695;60500000;12;90;0,15;7,1;9100000;36000;0;0
5042126;708;79817750;16;100;0,29;6,43;6900000;26000;0;0
4517052;1867;60600000;6;89;1,02;7,47;62000000;284000;0;1
1256273;124;61538461;12;100;0,01;5,75;819000;3600;0;0
5034524;920;79817750;18;122;0,29;5,99;73000000;26000;0;0
1395858;125;79817750;16;117;0,29;5,79;978000;3500;0;0
572553;13;79817750;6;108;0,29;8,03;17000;105;0;0
4522328;796;58093255;12;86;1,41;6,55;82000000;30000;0;1
4518842;1736;79817750;0;85;0,29;8,11;97000000;448000;0;0
;1979;60150000;6;88;1,91;7,4;115000000;483000;0;1
5042646;2000;79817750;0;46;0,29;0;17000000;95000;0;0
5042247;238;79817750;16;70;0,29;0;11000000;4600;0;0
4934473;37;4000000;12;60;0,07;8,31;289000;1700;0;0
2000101;1134;80000000;12;106;0,69;6,1;55000000;208000;0;0
4624744;63;38500000;12;87;0,01;6,42;568000;4000;0;0
4518317;540;50000000;16;84;0,38;5,97;19000000;67000;0;0
4680791;492;79817750;18;102;0,29;6,53;81000000;29000;0;0
4680804;205;45500000;18;101;0,06;5,8;2900000;8600;0;0
1282100;16;79817750;16;108;0,29;6,25;24000;81;0;0
1445165;2064;330000000;12;96;0,44;4,45;144000000;546000;0;0
4999693;1618;79817750;18;80;0,29;6,22;91000000;32000;0;0
1399249;209;61000000;18;115;0,33;7,21;20000000;6900;0;0
2000127;393;60203250;16;80;1,35;6,37;81000000;27000;0;1
5075871;224;79817750;6;90;0,29;5,05;51000000;9500;0;0
4528694;85;45121156;18;91;0,14;5,32;6400000;11000;0;0
916069;29;79817750;16;133;0,29;7,19;547000;1400;0;0
4489530;1526;53975000;12;89;0,44;7,42;24000000;90000;0;0
4400160;596;83403768;18;101;0,11;5,86;9200000;32000;0;0
5047455;34;79817750;16;93;0,29;6,46;48000;137;0;0
5119760;26;2500000;12;90;6;0;15000000;46000;1;3
1045585;2112;714350100;16;159;1,31;6,72;937000000;3100000;0;1
4739575;317;2000000;18;78;1,9;6;3800000;13000;0;1
984365;1672;79817750;16;90;0,29;4,68;70000000;253000;0;0
5021585;1715;49942474;6;89;2,88;6,19;144000000;648000;1;2
1451292;471;79817750;16;97;0,29;6,98;12000000;43000;0;0
4322004;207;139885000;16;125;0,02;6,66;3400000;11000;0;0
5117212;17;79817750;12;71;0,29;4,89;132000;608;0;0
1445164;1748;265337140;6;90;0,6;6,01;158000000;662000;0;0
1445162;2034;350000000;6;90;0,51;7,57;180000000;817000;0;0
1398953;2014;389086330;12;105;0,61;6,22;238000000;860000;0;0
4530500;73;62000000;6;84;0,06;0;3700000;18000;0;0
1443813;58;38000000;18;84;0,03;6,14;1200000;3900;0;0
4381764;137;100000000;16;108;0,01;6,61;1400000;4100;0;0
1344504;17;37878788;18;84;0,02;6,28;825000;3000;0;0
1399052;227;167378000;16;118;0,02;5,42;2700000;9100;0;0
5160746;24;1500000;16;80;4,2;0;6300000;22000;1;3
4933779;4;79817750;16;52;0,29;8,5;88000;518;0;0
1043835;12;79817750;16;26;0,29;0;182000;1100;0;0
4959314;15;79817750;12;55;0,29;8,46;172000;971;0;0
4660300;1094;79817750;16;116;0,29;6,9;20000000;73000;0;0
1328028;369;79817750;16;84;0,29;4,4;2400000;9100;0;0
4639557;1654;93000000;18;98;1,89;5,9;176000000;586000;0;1
5116673;1789;175000000;12;112;1,57;7;275000000;1200000;0;1
5074909;39;32000000;18;72;0,02;6;554000;1700;0;0
1162851;380;54687500;6;105;0,06;7,3;3400000;15000;0;0
1008397;1990;79817750;12;97;0,29;5,2;71000000;289000;0;0
4559710;1093;79817750;16;106;0,29;7,1;27000000;87000;0;0
4837786;105;79817750;16;85;0,29;5,2;1200000;4200;0;0
4321128;151;37700000;18;90;0,02;5,4;841000;3000;0;0
4388687;309;37719900;16;86;0,09;6,2;3500000;12000;0;0
4694772;56;79817750;18;63;0,29;6,3;196000;868;0;0
5016804;222;79817750;18;87;0,29;6,3;1100000;3800;0;0
5088766;2008;250000000;6;81;0,34;6,2;85000000;354000;0;0
5047298;1003;79817750;16;87;0,29;6,6;20000000;68000;0;0
900055;325;90000000;16;102;0,04;6,7;3400000;11000;0;0
5126797;1122;48828125;12;89;0,29;7,6;14000000;54000;0;0
1410951;434;79817750;16;104;0,29;5,2;4200000;17000;0;0
4853046;2088;79817750;6;72;0,29;4,4;42000000;189000;0;0
4856074;1480;79817750;16;80;0,29;5,9;32000000;114000;0;0
2000121;184;65068701;16;82;0,03;7,4;1800000;5500;0;0
4710763;1033;79817750;12;80;0,29;5,9;15000000;57000;0;0
4661294;613;45000000;16;110;0,49;5,6;22000000;75000;0;0
5104424;59;79817750;12;115;0,29;6,8;4600000;14000;0;0
5133122;57;79817750;16;79;0,29;5,9;259000;1200;0;0
5074907;83;79817750;18;88;0,29;5,7;480000;1700;0;0
5066764;23;79817750;16;94;0,29;6,2;222000;621;0;0
5195073;45;21477065;16;90;0,06;6,3;1300000;3400;0;0
4958223;2018;150000000;12;94;3,9;4,9;585000000;1900000;1;3
4975736;1639;60000000;16;87;0,48;5,7;29000000;100000;0;0
4913135;405;79817750;18;99;0,29;5;2900000;10000;0;0
4625021;1439;75000000;16;86;0,37;6,3;28000000;100000;0;0
1435400;1934;350000000;6;88;0,33;7,9;115000000;483000;0;0
4901797;1578;60000000;12;80;1,4;5,7;84000000;297000;0;1
4474120;120;38500000;16;102;0,02;6;927000;3300;0;0
1392734;58;79817750;16;91;0,29;5,2;1700000;1700000;0;0
5149154;87;79817750;16;115;0,29;8,1;2400000;7000;0;0
4819385;54;53700000;16;80;0,01;5,6;342000;967;0;0
5189169;1864;79817750;0;22;0,29;8,5;109000000;499000;0;0
5023667;1913;95000000;12;108;5,45;6,1;518000000;1700000;1;3
5091614;1488;79817750;18;109;0,29;6;183000000;539000;0;0
1346357;2015;201000000;6;96;1,26;6,6;253000000;956000;0;1
1227997;1951;540000000;12;110;0,64;7,4;343000000;1100000;0;0
4694773;857;134229354;6;103;0,44;7,2;59000000;185000;0;0
4370148;2500;850000000;6;113;8,26;7,3;7020407894;23510559;1;3
4534033;654;200000000;18;100;0,11;6;22000000;65000;0;0
5230220;1166;50000000;0;53;0,2;6;9900000;50000;0;0
5074901;96;79817750;16;88;0,29;6;3400000;11000;0;0
5236779;1149;79817750;0;48;0,29;6;21000000;108000;0;0
5079139;56;79817750;12;94;0,29;7,3;1600000;4100;0;0
5129254;19;26000000;12;84;0;6;47000;206;0;0
4478721;100;79817750;16;84;0,29;6,2;1200000;3400;0;0
1101274;52;79817750;12;70;0,29;6;161000;711;0;0
5237750;61;30000000;12;124;0,33;8,3;10000000;34000;0;0
5249732;9;79817750;16;64;0,29;6;799000;3300;0;0
5045951;1978;150000000;16;89;1,99;6,5;299000000;857000;0;1
5047485;428;105000000;16;104;0,04;6,5;4500000;16000;0;0
1438922;363;35000000;16;90;0,07;5,8;2600000;11000;0;0
5245365;150;65500000;16;99;0,02;6;1400000;4400;0;0
5254553;33;1700000;12;75;1,71;6;2900000;10000;0;1
4533254;1681;80000000;16;109;1,98;6,9;158000000;510000;0;1
4682864;968;150000000;12;114;0,82;5,5;123000000;436000;0;0
5129333;43;1800000;18;79;0,39;6,3;707000;1700;0;0
4484927;2033;719000000;12;163;0,88;7,6;630000000;2100000;0;0
5189350;1647;65000000;18;107;4,17;5,4;271000000;806000;1;3
4756225;2132;179845450;6;75;0,63;7,4;113000000;475000;0;0
5246539;133;79817750;6;90;0,29;5,9;1900000;6500;0;0
5034460;21;79817750;18;82;0,29;5,9;135000;480;0;0
5253702;11;79817750;6;60;0,29;6;61000;218;0;0
5078980;33;2500000;6;95;2,8;6;7000000;22000;1;2
5077317;453;45000000;18;91;0,36;6,6;16000000;55000;0;0
1346359;800;160000000;18;100;0,61;6,9;97000000;303000;0;0
4937051;1855;38550000;12;95;3,09;4,5;119000000;427000;1;3
5034461;8;79817750;12;46;0,29;6,5;29000;100;0;0
5129306;188;79817750;12;70;0,29;6;3400000;26000;0;0
905033;2031;245000000;12;131;1,34;6;328000000;1100000;0;1
2000122;396;58500000;16;101;0,12;7,4;6900000;20000;0;0
5129252;1913;79817750;16;90;0,29;6,5;312000000;876000;0;0
4694776;150;104700000;16;98;0,03;5;3400000;11000;0;0
4686066;2032;193000000;16;110;2,48;7,8;478000000;1600000;1;2
5117304;1140;70000000;18;90;0,79;4,6;55000000;161000;0;0
5030860;15;79817750;12;81;0,29;6;18000;83;0;0
5101891;182;79817750;6;98;0,29;7,7;11000000;38000;0;0
5089031;683;86300000;18;92;0,16;4,5;14000000;48000;0;0
4729320;2104;165000000;6;90;2,76;6;454650603;1595307;1;2
9984436;29;79817750;12;105;0,29;6;7000000;21000;0;0
5126940;977;75000000;18;115;0,18;6,9;13779921;46744;0;0
4528911;474;92700000;12;88;0,13;5,9;12000000;48026;0;0
5246830;7;79817750;16;70;0,29;6;12000;62;0;0
4907586;2296;240871320;6;83;1,17;5,2;282172228;1200747;0;1
5104425;164;4500000;16;86;5,73;6,9;25782268;77773;1;3
4715474;1795;120000000;16;95;0,4;4,4;48009304;165120;0;0
5266955;51;79817750;12;52;0,29;6;238870;912;0;0
5140353;274;79817750;16;80;0,29;6;18000000;61000;0;0
5001203;34;79817750;18;97;0,29;5,6;218000;557;0;0
4493006;1656;39100000;12;91;0,52;6,3;20396022;75750;0;0
4400163;235;51790451;18;75;0,02;6;881000;2634;0;0
5059142;23;79817750;16;101;0,29;6;82000;245;0;0
5002368;66;79817750;18;120;0,29;6;496626;1411;0;0
5214412;432;37000000;16;90;0,03;6;992542;3347;0;0
